"symbolid","pricedatetime","open","high","low","close"
900745,2016-02-26,1.1059,1.10675,1.091,1.09288
900745,2016-02-28,1.09145,1.09379,1.091,1.0932
900745,2016-02-29,1.09328,1.09635,1.0858,1.0884
900745,2016-03-01,1.0885,1.08945,1.0833,1.08582
900745,2016-03-02,1.0858,1.0877,1.0824,1.0858
900745,2016-03-03,1.0859,1.09732,1.0852,1.0944
900745,2016-03-04,1.09441,1.1044,1.0902,1.10062
900745,2016-03-06,1.09915,1.09985,1.0983,1.099
900745,2016-03-07,1.0989,1.10297,1.0939,1.1015
900745,2016-03-08,1.10143,1.10585,1.0966,1.0973
900745,2016-03-09,1.0972,1.1036,1.0945,1.0974
900745,2016-03-10,1.1199,1.12155,1.1162,1.11665
900745,2016-03-11,1.11672,1.1194,1.1079,1.11466
900745,2016-03-13,1.113805,1.1177,1.1137,1.1159
900745,2016-03-14,1.11583,1.11675,1.107765,1.11085
900745,2016-03-15,1.11082,1.1126,1.107145,1.110005
900745,2016-03-16,1.11,1.12412,1.105765,1.12257
900745,2016-03-17,1.12263,1.13435,1.1216,1.13203
900745,2016-03-18,1.1315,1.13215,1.1255,1.1269
900745,2016-03-20,1.126465,1.1286,1.12516,1.1274
900745,2016-03-21,1.12746,1.128555,1.1233,1.12528
900745,2016-03-22,1.12562,1.1261,1.1187,1.121
900745,2016-03-23,1.1209,1.1211,1.1157,1.11761
900745,2016-03-24,1.1176,1.11874,1.1143,1.11601
900745,2016-03-25,1.1159,1.11758,1.1154,1.11629
900745,2016-03-27,1.11619,1.11674,1.1152,1.1164
900745,2016-03-28,1.11635,1.12198,1.1156,1.1198
900745,2016-03-29,1.11995,1.1303,1.1168,1.1293
900745,2016-03-30,1.1292,1.13653,1.129,1.1315
900745,2016-03-31,1.13801,1.13895,1.136655,1.13714
900745,2016-04-01,1.1374,1.14385,1.1334,1.139
900745,2016-04-03,1.14011,1.1413,1.138705,1.13885
900745,2016-04-04,1.1387,1.14105,1.1357,1.139615
900745,2016-04-05,1.1395,1.14018,1.13358,1.136965
900745,2016-04-06,1.141,1.14135,1.1392,1.1396
900745,2016-04-07,1.1397,1.14539,1.1336,1.1366
900745,2016-04-08,1.1367,1.14192,1.1348,1.13939
900745,2016-04-10,1.14165,1.1426,1.1395,1.140885
900745,2016-04-11,1.14088,1.1448,1.1372,1.1403
900745,2016-04-12,1.1402,1.14655,1.13452,1.13697
900745,2016-04-13,1.1368,1.13725,1.125335,1.12665
900745,2016-04-14,1.12653,1.129565,1.12335,1.12638
900745,2016-04-15,1.1261,1.131785,1.1244,1.12827
900745,2016-04-17,1.130165,1.1308,1.127585,1.12853
900745,2016-04-18,1.12853,1.133265,1.12735,1.132515
900745,2016-04-19,1.1324,1.138555,1.13148,1.137025
900745,2016-04-20,1.13696,1.13884,1.128665,1.12973
900745,2016-04-21,1.1297,1.13984,1.127,1.130225
900745,2016-04-22,1.1301,1.13065,1.1217,1.12241
900745,2016-04-24,1.1219,1.1248,1.1215,1.1242
900745,2016-04-25,1.1254,1.1279,1.1242,1.1269
900745,2016-04-26,1.127,1.13402,1.1255,1.1305
900745,2016-04-27,1.13044,1.136175,1.12703,1.1329
900745,2016-04-28,1.13294,1.138975,1.1309,1.1384
900745,2016-04-29,1.1385,1.14605,1.1369,1.14445
900745,2016-05-01,1.14595,1.14815,1.1452,1.14677
900745,2016-05-02,1.1467,1.15431,1.1447,1.15305
900745,2016-05-03,1.15316,1.16165,1.1475,1.1477
900745,2016-05-04,1.1476,1.15296,1.1466,1.14867
900745,2016-05-05,1.1486,1.1495,1.1385,1.1402
900745,2016-05-06,1.1401,1.148125,1.1385,1.1403
900745,2016-05-08,1.1396,1.1406,1.1379,1.13997
900745,2016-05-09,1.1399,1.14205,1.1369,1.13733
900745,2016-05-10,1.13799,1.141005,1.135815,1.13821
900745,2016-05-11,1.1381,1.1448,1.1379,1.142495
900745,2016-05-12,1.14234,1.14285,1.13666,1.137465
900745,2016-05-13,1.1372,1.13775,1.1282,1.13063
900745,2016-05-15,1.1309,1.13152,1.1304,1.13071
900745,2016-05-16,1.1325,1.1325,1.1312,1.1317
900745,2016-05-17,1.1286,1.12924,1.1283,1.12865
900745,2016-05-18,1.12242,1.1226,1.122,1.122
900745,2016-05-19,1.12022,1.1208,1.1202,1.1203
900745,2016-05-20,1.12183,1.12241,1.1216,1.12222
900745,2016-05-22,1.1229,1.1243,1.1228,1.12359
900745,2016-05-23,1.12108,1.12114,1.1203,1.1206
900745,2016-05-24,1.11838,1.1188,1.113255,1.11551
900745,2016-05-25,1.1154,1.11875,1.112865,1.11813
900745,2016-05-26,1.118,1.1218,1.11581,1.118815
900745,2016-05-27,1.11881,1.12015,1.1109,1.11116
900745,2016-05-29,1.111,1.11154,1.1096,1.11036
900745,2016-05-30,1.11038,1.11549,1.11,1.1151
900745,2016-05-31,1.1152,1.11732,1.1112,1.11225
900745,2016-06-01,1.1121,1.12135,1.1114,1.1208
900745,2016-06-02,1.12084,1.12198,1.1141,1.11546
900745,2016-06-03,1.1155,1.13732,1.1136,1.1365
900745,2016-06-05,1.13535,1.13712,1.1336,1.1339
900745,2016-06-06,1.13398,1.13928,1.13256,1.1355
900745,2016-06-07,1.13653,1.13815,1.1338,1.1361
900745,2016-06-08,1.136,1.141655,1.1359,1.1403
900745,2016-06-09,1.14042,1.14092,1.1291,1.12985
900745,2016-06-10,1.1298,1.1322,1.1244,1.12522
900745,2016-06-12,1.12525,1.15074,1.1231,1.12501
900745,2016-06-13,1.125,1.1304,1.1236,1.1292
900745,2016-06-14,1.12921,1.1296,1.1187,1.1207
900745,2016-06-15,1.12077,1.12986,1.1197,1.1264
900745,2016-06-16,1.1263,1.1296,1.113,1.12592
900745,2016-06-17,1.12591,1.129705,1.1222,1.12733
900745,2016-06-19,1.133425,1.13757,1.1307,1.13756
900745,2016-06-20,1.13753,1.13835,1.13,1.1327
900745,2016-06-21,1.13284,1.13505,1.1235,1.1267
900745,2016-06-22,1.1268,1.135055,1.1252,1.1345
900745,2016-06-23,1.1344,1.14291,1.091,1.09653
900745,2016-06-24,1.09691,1.119,1.091,1.10984
900745,2016-06-26,1.10171,1.10755,1.0982,1.10248
900745,2016-06-27,1.10247,1.1084,1.097,1.1052
900745,2016-06-28,1.1078,1.109155,1.10345,1.1068
900745,2016-06-29,1.1067,1.11315,1.10512,1.110085
900745,2016-06-30,1.11,1.115555,1.10237,1.109385
900745,2016-07-01,1.1088,1.116955,1.1071,1.11365
900745,2016-07-03,1.11324,1.11455,1.1125,1.11385
900745,2016-07-04,1.11374,1.116065,1.109715,1.11345
900745,2016-07-05,1.1132,1.11866,1.10355,1.10483
900745,2016-07-06,1.10481,1.111265,1.1029,1.1094
900745,2016-07-07,1.1093,1.1108,1.10525,1.107725
900745,2016-07-08,1.10763,1.11202,1.1001,1.10487
900745,2016-07-10,1.10495,1.10565,1.103355,1.105
900745,2016-07-11,1.10521,1.10911,1.1015,1.1079
900745,2016-07-12,1.10615,1.106855,1.10544,1.106855
900745,2016-07-13,1.10629,1.11199,1.10419,1.11047
900745,2016-07-14,1.11056,1.116505,1.1093,1.11289
900745,2016-07-15,1.11307,1.114905,1.10241,1.10356
900745,2016-07-17,1.105195,1.107165,1.10441,1.1063
900745,2016-07-18,1.1063,1.108455,1.10371,1.10781
900745,2016-07-19,1.10777,1.10804,1.0997,1.10116
900745,2016-07-20,1.10111,1.104455,1.09811,1.10368
900745,2016-07-21,1.10366,1.10597,1.09796,1.10229
900745,2016-07-22,1.10228,1.10413,1.09549,1.09754
900745,2016-07-24,1.0975,1.097695,1.09512,1.09723
900745,2016-07-25,1.0973,1.09989,1.09606,1.09874
900745,2016-07-26,1.09875,1.10299,1.09777,1.09944
900745,2016-07-27,1.09956,1.1077,1.09601,1.10733
900745,2016-07-28,1.10731,1.11202,1.10632,1.10934
900745,2016-07-29,1.10931,1.11976,1.10733,1.11722
900745,2016-07-31,1.117755,1.11842,1.11653,1.11708
900745,2016-08-01,1.11688,1.11815,1.11547,1.11717
900745,2016-08-02,1.11711,1.12339,1.11705,1.12126
900745,2016-08-03,1.12112,1.121725,1.1135,1.1145
900745,2016-08-04,1.11444,1.1149,1.11135,1.11339
900745,2016-08-05,1.11338,1.11615,1.10454,1.10871
900745,2016-08-07,1.10817,1.110445,1.10773,1.11013
900745,2016-08-08,1.11015,1.110515,1.10701,1.10865
900745,2016-08-09,1.10867,1.11563,1.10703,1.11488
900745,2016-08-10,1.11487,1.119175,1.11378,1.11679
900745,2016-08-11,1.1168,1.118255,1.11306,1.11408
900745,2016-08-12,1.11412,1.12215,1.11338,1.11624
900745,2016-08-14,1.11671,1.11705,1.1153,1.1158
900745,2016-08-15,1.11571,1.120375,1.1155,1.11949
900745,2016-08-16,1.1194,1.13235,1.1191,1.12728
900745,2016-08-17,1.12717,1.132875,1.124105,1.130765
900745,2016-08-18,1.13072,1.13675,1.130155,1.133305
900745,2016-08-19,1.13327,1.13495,1.1303,1.13223
900745,2016-08-21,1.13114,1.13245,1.12711,1.12725
900745,2016-08-22,1.12725,1.13395,1.1271,1.133055
900745,2016-08-23,1.13307,1.13565,1.129295,1.12989
900745,2016-08-24,1.12983,1.13065,1.124485,1.12712
900745,2016-08-25,1.1272,1.12986,1.12652,1.12889
900745,2016-08-26,1.12892,1.13406,1.118,1.11936
900745,2016-08-28,1.118415,1.12055,1.11804,1.120265
900745,2016-08-29,1.1202,1.12095,1.115785,1.117295
900745,2016-08-30,1.11727,1.1178,1.113135,1.11558
900745,2016-08-31,1.11557,1.116665,1.112325,1.115695
900745,2016-09-01,1.11568,1.12065,1.11275,1.12002
900745,2016-09-02,1.1201,1.12524,1.1149,1.11542
900745,2016-09-04,1.115775,1.11695,1.11535,1.11634
900745,2016-09-05,1.11631,1.11815,1.1162,1.117715
900745,2016-09-06,1.1155,1.12629,1.1143,1.12518
900745,2016-09-07,1.12519,1.12717,1.1227,1.12491
900745,2016-09-08,1.12492,1.13273,1.124,1.12744
900745,2016-09-09,1.12745,1.1285,1.1197,1.12312
900745,2016-09-11,1.12324,1.1251,1.12289,1.1243
900745,2016-09-12,1.12428,1.12683,1.121,1.12354
900745,2016-09-13,1.12349,1.12603,1.1203,1.12223
900745,2016-09-14,1.12213,1.1274,1.1214,1.12438
900745,2016-09-15,1.12649,1.1284,1.122515,1.124115
900745,2016-09-16,1.12399,1.12445,1.1148,1.11553
900745,2016-09-18,1.11531,1.11735,1.11526,1.116925
900745,2016-09-19,1.1169,1.119875,1.11508,1.11715
900745,2016-09-20,1.1168,1.12145,1.11459,1.11502
900745,2016-09-21,1.1149,1.120275,1.11215,1.11891
900745,2016-09-22,1.1188,1.12585,1.1181,1.119995
900745,2016-09-23,1.11969,1.12415,1.1194,1.12258
900745,2016-09-25,1.1229,1.12435,1.12246,1.12279
900745,2016-09-26,1.12683,1.1279,1.123775,1.12446
900745,2016-09-27,1.12458,1.12503,1.119,1.12123
900745,2016-09-28,1.12131,1.12326,1.11865,1.12319
900745,2016-09-29,1.1232,1.12498,1.1196,1.12156
900745,2016-09-30,1.12155,1.12507,1.1152,1.1241
900745,2016-10-02,1.12284,1.12445,1.12265,1.123315
900745,2016-10-03,1.12322,1.12427,1.119725,1.11992
900745,2016-10-04,1.11985,1.12391,1.11376,1.12211
900745,2016-10-05,1.1221,1.12345,1.11895,1.12029
900745,2016-10-06,1.12027,1.12105,1.111165,1.111625
900745,2016-10-07,1.1114,1.12085,1.1103,1.12012
900745,2016-10-09,1.11813,1.120385,1.11803,1.11915
900745,2016-10-10,1.11916,1.11965,1.11191,1.11291
900745,2016-10-11,1.11291,1.11375,1.104095,1.105575
900745,2016-10-12,1.10508,1.10615,1.1,1.10236
900745,2016-10-13,1.10222,1.10583,1.0984,1.10338
900745,2016-10-14,1.10337,1.10342,1.0969,1.09707
900745,2016-10-16,1.09692,1.09832,1.0962,1.09827
900745,2016-10-17,1.09823,1.10262,1.097,1.102
900745,2016-10-18,1.10196,1.10241,1.0969,1.09911
900745,2016-10-19,1.09906,1.10046,1.0953,1.0974
900745,2016-10-20,1.0973,1.10393,1.0893,1.09038
900745,2016-10-21,1.09037,1.0912,1.0858,1.08841
900745,2016-10-23,1.08802,1.08841,1.0858,1.08696
900745,2016-10-24,1.087,1.08994,1.0863,1.0878
900745,2016-10-25,1.08779,1.09048,1.0849,1.08899
900745,2016-10-26,1.09363,1.09463,1.089125,1.09017
900745,2016-10-27,1.09005,1.09426,1.08822,1.090695
900745,2016-10-28,1.0906,1.09925,1.0898,1.09852
900745,2016-10-30,1.09916,1.09916,1.0959,1.09668
900745,2016-10-31,1.0966,1.09845,1.093565,1.09623
900745,2016-11-01,1.09609,1.10705,1.0958,1.106685
900745,2016-11-02,1.10921,1.11266,1.1079,1.11179
900745,2016-11-03,1.11178,1.11265,1.1058,1.10935
900745,2016-11-04,1.11011,1.11425,1.1079,1.11406
900745,2016-11-06,1.10635,1.11115,1.10539,1.10759
900745,2016-11-07,1.10754,1.1082,1.1027,1.10404
900745,2016-11-08,1.10398,1.12828,1.09878,1.12604
900745,2016-11-09,1.12603,1.13005,1.09032,1.0924
900745,2016-11-10,1.0901,1.0924,1.087565,1.09047
900745,2016-11-11,1.0904,1.09205,1.0829,1.08554
900745,2016-11-13,1.08324,1.08413,1.0772,1.07992
900745,2016-11-14,1.07987,1.08066,1.0708,1.0746
900745,2016-11-15,1.07463,1.081665,1.0712,1.0744
900745,2016-11-16,1.0691,1.07155,1.0687,1.06985
900745,2016-11-17,1.07293,1.07454,1.05818,1.060045
900745,2016-11-18,1.06043,1.06436,1.0568,1.05883
900745,2016-11-20,1.05927,1.06134,1.0578,1.05927
900745,2016-11-21,1.0592,1.06505,1.058985,1.06321
900745,2016-11-22,1.063,1.06585,1.058375,1.062365
900745,2016-11-23,1.06234,1.06445,1.052495,1.053935
900745,2016-11-24,1.05508,1.05796,1.0537,1.05703
900745,2016-11-25,1.05698,1.06275,1.0567,1.0591
900745,2016-11-27,1.061,1.06854,1.0593,1.06585
900745,2016-11-28,1.06585,1.067,1.0562,1.06004
900745,2016-11-29,1.05999,1.06604,1.0564,1.06336
900745,2016-11-30,1.06334,1.06665,1.05524,1.06021
900745,2016-12-01,1.06011,1.06902,1.0583,1.06787
900745,2016-12-02,1.0663,1.0676,1.06612,1.06646
900745,2016-12-04,1.06141,1.0634,1.05049,1.05512
900745,2016-12-05,1.06373,1.07963,1.06328,1.07552
900745,2016-12-06,1.07623,1.07854,1.0698,1.07222
900745,2016-12-07,1.07223,1.07845,1.07095,1.07735
900745,2016-12-08,1.07736,1.08736,1.0588,1.06072
900745,2016-12-09,1.05588,1.0562,1.055,1.05576
900745,2016-12-11,1.05324,1.05682,1.0524,1.0555
900745,2016-12-12,1.0554,1.06516,1.0552,1.06333
900745,2016-12-13,1.0634,1.06671,1.0602,1.06358
900745,2016-12-14,1.0626,1.06698,1.0468,1.05125
900745,2016-12-15,1.05126,1.0514,1.0365,1.04278
900745,2016-12-16,1.04419,1.0453,1.044,1.04493
900745,2016-12-18,1.0439,1.0469,1.04362,1.04609
900745,2016-12-19,1.04607,1.04794,1.0392,1.04007
900745,2016-12-20,1.04021,1.04189,1.0351,1.04122
900745,2016-12-21,1.04124,1.04511,1.0387,1.04371
900745,2016-12-22,1.04649,1.04994,1.04264,1.04485
900745,2016-12-23,1.04485,1.0458,1.0446,1.04544
900745,2016-12-25,1.04343,1.04631,1.04343,1.046
900745,2016-12-26,1.04604,1.0478,1.04319,1.044
900745,2016-12-27,1.04408,1.0475,1.0437,1.047
900745,2016-12-28,1.047,1.04796,1.0371,1.04552
900745,2016-12-29,1.0455,1.06524,1.0441,1.0527
900745,2016-12-30,1.05245,1.0532,1.0512,1.05205
900745,2017-01-01,1.05098,1.0537,1.05098,1.0523
900745,2017-01-02,1.0524,1.0527,1.04487,1.0486
900745,2017-01-03,1.04856,1.049,1.034,1.04023
900745,2017-01-04,1.04369,1.05405,1.0422,1.0526
900745,2017-01-05,1.0526,1.06151,1.0481,1.05802
900745,2017-01-06,1.05339,1.0535,1.0528,1.05311
900745,2017-01-08,1.05302,1.05443,1.0521,1.05262
900745,2017-01-09,1.0525,1.06271,1.0509,1.06074
900745,2017-01-10,1.05782,1.06048,1.0535,1.05496
900745,2017-01-11,1.0558,1.06231,1.0452,1.05989
900745,2017-01-12,1.05991,1.06846,1.0594,1.06172
900745,2017-01-13,1.06358,1.06449,1.0635,1.06409
900745,2017-01-15,1.0607,1.06358,1.06034,1.06148
900745,2017-01-16,1.06147,1.06433,1.0578,1.06398
900745,2017-01-17,1.06399,1.07193,1.0639,1.06975
900745,2017-01-18,1.06974,1.07044,1.0621,1.06404
900745,2017-01-19,1.06404,1.06932,1.0588,1.068
900745,2017-01-20,1.0696,1.07048,1.069,1.07006
900745,2017-01-22,1.07016,1.075,1.06935,1.07369
900745,2017-01-23,1.07291,1.0774,1.0705,1.075
900745,2017-01-24,1.07511,1.07748,1.0719,1.07305
900745,2017-01-25,1.07303,1.07697,1.071,1.07568
900745,2017-01-26,1.0757,1.07605,1.0656,1.06738
900745,2017-01-27,1.06953,1.0699,1.0692,1.06959
900745,2017-01-29,1.07185,1.07401,1.0706,1.07293
900745,2017-01-30,1.07291,1.07318,1.0619,1.06961
900745,2017-01-31,1.06961,1.08123,1.0683,1.079
900745,2017-02-01,1.07907,1.08074,1.07288,1.07841
900745,2017-02-02,1.07841,1.08287,1.0744,1.07591
900745,2017-02-03,1.07795,1.07877,1.0776,1.07856
900745,2017-02-05,1.07894,1.0792,1.0772,1.07755
900745,2017-02-06,1.07754,1.07782,1.0704,1.07094
900745,2017-02-07,1.07095,1.0714,1.0654,1.0677
900745,2017-02-08,1.06769,1.07141,1.0639,1.06877
900745,2017-02-09,1.06876,1.07095,1.0647,1.06618
900745,2017-02-10,1.06373,1.06415,1.0631,1.06397
900745,2017-02-12,1.0627,1.0637,1.0611,1.0621
900745,2017-02-13,1.06222,1.06584,1.0589,1.06106
900745,2017-02-14,1.06104,1.06334,1.0559,1.05763
900745,2017-02-15,1.0576,1.06234,1.052,1.06146
900745,2017-02-16,1.06149,1.06792,1.0598,1.06744
900745,2017-02-17,1.06078,1.0616,1.0605,1.06098
900745,2017-02-19,1.0608,1.0633,1.0602,1.06182
900745,2017-02-20,1.06251,1.063,1.0576,1.05809
900745,2017-02-21,1.05812,1.05891,1.0524,1.0545
900745,2017-02-22,1.05442,1.0574,1.0492,1.05623
900745,2017-02-23,1.05619,1.05954,1.0536,1.05808
900745,2017-02-24,1.05615,1.05621,1.0555,1.05592
900745,2017-02-26,1.05617,1.05752,1.055,1.0566
900745,2017-02-27,1.05661,1.06307,1.0562,1.05877
900745,2017-02-28,1.05883,1.063,1.0549,1.05523
900745,2017-03-01,1.05524,1.0572,1.0513,1.05324
900745,2017-03-02,1.05325,1.05455,1.0494,1.05198
900745,2017-03-03,1.06157,1.0624,1.061,1.06219
900745,2017-03-05,1.061,1.06213,1.0599,1.06006
900745,2017-03-06,1.06002,1.06401,1.0571,1.05814
900745,2017-03-07,1.05822,1.06025,1.0557,1.05611
900745,2017-03-08,1.0561,1.0573,1.0527,1.05305
900745,2017-03-09,1.0531,1.06153,1.0523,1.05955
900745,2017-03-10,1.06865,1.06895,1.0668,1.06728
900745,2017-03-12,1.06756,1.0701,1.06755,1.06968
900745,2017-03-13,1.06969,1.07143,1.0643,1.06538
900745,2017-03-14,1.06534,1.06626,1.0599,1.06153
900745,2017-03-15,1.06149,1.07462,1.06069,1.07203
900745,2017-03-16,1.07209,1.0775,1.0704,1.07726
900745,2017-03-17,1.07419,1.07422,1.0731,1.0737
900745,2017-03-19,1.07331,1.0763,1.07312,1.07599
900745,2017-03-20,1.07594,1.07774,1.0718,1.07559
900745,2017-03-21,1.07555,1.08192,1.0753,1.07937
900745,2017-03-22,1.07936,1.08246,1.0774,1.0788
900745,2017-03-23,1.07889,1.08049,1.0759,1.07684
900745,2017-03-24,1.0793,1.0805,1.0791,1.07986
900745,2017-03-26,1.08359,1.085,1.0826,1.08461
900745,2017-03-27,1.0846,1.09062,1.0842,1.0863
900745,2017-03-28,1.08623,1.08726,1.0798,1.0815
900745,2017-03-29,1.08159,1.08164,1.0739,1.07513
900745,2017-03-30,1.075,1.07678,1.0671,1.06755
900745,2017-03-31,1.06691,1.06717,1.06492,1.0655
900745,2017-04-02,1.06622,1.0681,1.06575,1.06785
900745,2017-04-03,1.06786,1.0682,1.06415,1.06686
900745,2017-04-04,1.06681,1.0685,1.0634,1.06771
900745,2017-04-05,1.06774,1.0689,1.0634,1.06753
900745,2017-04-06,1.06751,1.06804,1.0628,1.0642
900745,2017-04-07,1.05935,1.06028,1.05878,1.05888
900745,2017-04-09,1.05882,1.05887,1.05696,1.0582
900745,2017-04-10,1.05819,1.06066,1.0569,1.0584
900745,2017-04-11,1.0584,1.06301,1.0577,1.0601
900745,2017-04-12,1.06018,1.06773,1.0587,1.06716
900745,2017-04-13,1.06719,1.06776,1.0608,1.06134
900745,2017-04-14,1.06113,1.0613,1.0608,1.06106
900745,2017-04-16,1.06103,1.0626,1.0601,1.06178
900745,2017-04-17,1.06175,1.06704,1.0613,1.06471
900745,2017-04-18,1.06471,1.07361,1.064,1.07197
900745,2017-04-19,1.07194,1.07371,1.0699,1.07201
900745,2017-04-20,1.07201,1.07775,1.0705,1.07165
900745,2017-04-21,1.0703,1.07305,1.0698,1.0724
900745,2017-04-23,1.09178,1.09182,1.0819,1.0844
900745,2017-04-24,1.08439,1.08775,1.0831,1.08598
900745,2017-04-25,1.0858,1.09501,1.0855,1.09362
900745,2017-04-26,1.09362,1.09508,1.0855,1.09085
900745,2017-04-27,1.09086,1.09329,1.085,1.08667
900745,2017-04-28,1.08928,1.09,1.0888,1.08949
900745,2017-04-30,1.09098,1.09112,1.0887,1.08936
900745,2017-05-01,1.08928,1.09238,1.0883,1.09151
900745,2017-05-02,1.09151,1.0937,1.0887,1.093
900745,2017-05-03,1.09294,1.0935,1.088,1.08964
900745,2017-05-04,1.08963,1.09871,1.0874,1.09837
900745,2017-05-05,1.09975,1.09996,1.0991,1.09993
900745,2017-05-07,1.10184,1.10217,1.09568,1.09712
900745,2017-05-08,1.09728,1.09744,1.09157,1.09282
900745,2017-05-09,1.09133,1.09177,1.0862,1.0893
900745,2017-05-10,1.08933,1.08979,1.0852,1.08722
900745,2017-05-11,1.08722,1.0893,1.0838,1.0869
900745,2017-05-12,1.09294,1.0933,1.0926,1.09302
900745,2017-05-14,1.09297,1.09349,1.0921,1.0929
900745,2017-05-15,1.09291,1.099,1.0925,1.09886
900745,2017-05-16,1.0989,1.1117,1.0985,1.11128
900745,2017-05-17,1.11127,1.11724,1.1081,1.11608
900745,2017-05-18,1.11608,1.1162,1.1075,1.11087
900745,2017-05-19,1.12039,1.12081,1.12,1.12071
900745,2017-05-21,1.11958,1.12101,1.1182,1.11914
900745,2017-05-22,1.11914,1.12636,1.116,1.12455
900745,2017-05-23,1.12482,1.12627,1.1173,1.11804
900745,2017-05-24,1.11804,1.12447,1.1167,1.12386
900745,2017-05-25,1.12399,1.12504,1.1184,1.1201
900745,2017-05-26,1.11708,1.11819,1.1166,1.11802
900745,2017-05-28,1.11728,1.1185,1.116,1.11645
900745,2017-05-29,1.11638,1.119,1.1121,1.11255
900745,2017-05-30,1.11257,1.12054,1.1108,1.1176
900745,2017-05-31,1.11762,1.12567,1.1163,1.12465
900745,2017-06-01,1.1246,1.12488,1.1201,1.12183
900745,2017-06-02,1.12817,1.12846,1.1278,1.12815
900745,2017-06-04,1.12699,1.12841,1.12558,1.12705
900745,2017-06-05,1.12704,1.12788,1.1233,1.12687
900745,2017-06-06,1.12683,1.1284,1.1239,1.12643
900745,2017-06-07,1.12643,1.12827,1.1203,1.12537
900745,2017-06-08,1.12381,1.12635,1.11789,1.12001
900745,2017-06-09,1.11948,1.1198,1.1192,1.11942
900745,2017-06-11,1.12066,1.12119,1.1196,1.1206
900745,2017-06-12,1.1205,1.12321,1.1188,1.1188
900745,2017-06-13,1.11929,1.12248,1.1184,1.12148
900745,2017-06-14,1.12148,1.12957,1.1192,1.1221
900745,2017-06-15,1.12227,1.12243,1.1131,1.11461
900745,2017-06-16,1.12002,1.12016,1.1191,1.1194
900745,2017-06-18,1.12058,1.12088,1.1189,1.11976
900745,2017-06-19,1.11975,1.12129,1.1139,1.11559
900745,2017-06-20,1.11244,1.11382,1.1118,1.11359
900745,2017-06-21,1.11357,1.1172,1.1126,1.11682
900745,2017-06-22,1.11682,1.11779,1.1138,1.11627
900745,2017-06-23,1.11971,1.1198,1.1191,1.11931
900745,2017-06-25,1.11966,1.12001,1.1188,1.11956
900745,2017-06-26,1.11963,1.12197,1.117,1.1191
900745,2017-06-27,1.11909,1.13554,1.1181,1.13485
900745,2017-06-28,1.13485,1.14193,1.1291,1.14057
900745,2017-06-29,1.14057,1.1446,1.13877,1.14403
900745,2017-06-30,1.14213,1.14242,1.1417,1.14224
900745,2017-07-02,1.14166,1.1427,1.1402,1.14044
900745,2017-07-03,1.1403,1.1416,1.13477,1.13724
900745,2017-07-04,1.13733,1.13745,1.1335,1.13582
900745,2017-07-05,1.13588,1.13681,1.05965,1.1338
900745,2017-07-06,1.1338,1.1426,1.1329,1.14135
900745,2017-07-07,1.14045,1.1405,1.1397,1.14005
900745,2017-07-09,1.13962,1.14086,1.13907,1.1404
900745,2017-07-10,1.14045,1.14182,1.1381,1.13944
900745,2017-07-11,1.13943,1.1484,1.1381,1.14802
900745,2017-07-12,1.14806,1.14894,1.1391,1.14339
900745,2017-07-13,1.14337,1.1456,1.1369,1.141
900745,2017-07-14,1.14704,1.1472,1.1464,1.1467
900745,2017-07-16,1.14729,1.1475,1.1455,1.14634
900745,2017-07-17,1.14631,1.15379,1.1433,1.15278
900745,2017-07-18,1.15275,1.15832,1.1511,1.15388
900745,2017-07-19,1.15388,1.15477,1.1504,1.15067
900745,2017-07-20,1.15067,1.16581,1.1478,1.16281
900745,2017-07-21,1.16686,1.16704,1.166,1.1662
900745,2017-07-23,1.16603,1.16842,1.16602,1.16716
900745,2017-07-24,1.16397,1.166,1.16253,1.16561
900745,2017-07-25,1.16563,1.17123,1.1636,1.16437
900745,2017-07-26,1.16431,1.17766,1.1612,1.1755
900745,2017-07-27,1.1756,1.17623,1.1649,1.16833
900745,2017-07-28,1.17585,1.17594,1.17445,1.17471
900745,2017-07-30,1.17465,1.17615,1.173,1.17323
900745,2017-07-31,1.1732,1.18456,1.1722,1.18254
900745,2017-08-01,1.18258,1.18392,1.1785,1.18109
900745,2017-08-02,1.18108,1.19105,1.1809,1.18414
900745,2017-08-03,1.18425,1.18931,1.1829,1.18792
900745,2017-08-04,1.17804,1.1783,1.1768,1.17726
900745,2017-08-06,1.17724,1.1802,1.17696,1.17985
900745,2017-08-07,1.17976,1.1824,1.178,1.1807
900745,2017-08-08,1.18068,1.18185,1.1715,1.17329
900745,2017-08-09,1.17329,1.177,1.1688,1.17378
900745,2017-08-10,1.17386,1.17852,1.1703,1.17751
900745,2017-08-11,1.18248,1.1826,1.18176,1.1821
900745,2017-08-13,1.18189,1.18345,1.1816,1.1826
900745,2017-08-14,1.18268,1.18385,1.17678,1.1781
900745,2017-08-15,1.17822,1.17863,1.1686,1.17393
900745,2017-08-16,1.17395,1.179,1.1681,1.17779
900745,2017-08-17,1.17766,1.17896,1.1661,1.17305
900745,2017-08-18,1.17628,1.1766,1.17577,1.17589
900745,2017-08-20,1.17504,1.1763,1.1749,1.17536
900745,2017-08-21,1.17543,1.18282,1.173,1.18082
900745,2017-08-22,1.1808,1.181,1.1744,1.1761
900745,2017-08-23,1.17461,1.18231,1.17453,1.18017
900745,2017-08-24,1.18015,1.18146,1.1782,1.17963
900745,2017-08-25,1.19244,1.19344,1.1915,1.19198
900745,2017-08-27,1.19441,1.19593,1.1918,1.19213
900745,2017-08-28,1.19215,1.1986,1.1915,1.19686
900745,2017-08-29,1.19689,1.20702,1.1945,1.19823
900745,2017-08-30,1.19821,1.19843,1.187,1.18737
900745,2017-08-31,1.18742,1.1923,1.1822,1.19012
900745,2017-09-01,1.18646,1.18655,1.1857,1.18607
900745,2017-09-03,1.18833,1.189,1.18726,1.18798
900745,2017-09-04,1.18798,1.19221,1.1877,1.19063
900745,2017-09-05,1.19061,1.19406,1.1867,1.19094
900745,2017-09-06,1.19101,1.19502,1.1905,1.19261
900745,2017-09-07,1.19258,1.20894,1.1913,1.20712
900745,2017-09-08,1.2026,1.20386,1.2025,1.20339
900745,2017-09-10,1.20163,1.20254,1.1998,1.2013
900745,2017-09-11,1.20137,1.20294,1.19371,1.19546
900745,2017-09-12,1.19537,1.1993,1.1925,1.19824
900745,2017-09-13,1.1982,1.19949,1.1869,1.18746
900745,2017-09-14,1.18747,1.19238,1.1837,1.19083
900745,2017-09-15,1.19449,1.19611,1.19421,1.19453
900745,2017-09-17,1.19208,1.1955,1.19192,1.1945
900745,2017-09-18,1.19439,1.19748,1.1914,1.19706
900745,2017-09-19,1.19707,1.20196,1.19536,1.20076
900745,2017-09-20,1.20074,1.20329,1.186,1.18853
900745,2017-09-21,1.18853,1.19595,1.1875,1.19558
900745,2017-09-22,1.19439,1.19541,1.1941,1.19468
900745,2017-09-24,1.18977,1.1935,1.18957,1.19324
900745,2017-09-25,1.19326,1.19364,1.1831,1.1859
900745,2017-09-26,1.1861,1.18615,1.1757,1.17906
900745,2017-09-27,1.1791,1.17923,1.1716,1.17304
900745,2017-09-28,1.17308,1.1804,1.172,1.1784
900745,2017-09-29,1.18194,1.18238,1.17413,1.18141
900745,2017-10-01,1.17904,1.1815,1.17413,1.1778
900745,2017-10-02,1.17387,1.17632,1.17,1.17047
900745,2017-10-03,1.17044,1.178,1.1695,1.1767
900745,2017-10-04,1.17672,1.17877,1.1746,1.17549
900745,2017-10-05,1.1753,1.1779,1.16943,1.16965
900745,2017-10-06,1.17328,1.17374,1.173,1.17338
900745,2017-10-08,1.17276,1.17475,1.17272,1.17361
900745,2017-10-09,1.17362,1.17824,1.1718,1.17659
900745,2017-10-10,1.1766,1.18275,1.1761,1.18078
900745,2017-10-11,1.1808,1.1878,1.1801,1.1874
900745,2017-10-12,1.18743,1.1876,1.1824,1.18478
900745,2017-10-13,1.18191,1.1826,1.18167,1.18189
900745,2017-10-15,1.18102,1.18195,1.1797,1.1806
900745,2017-10-16,1.18059,1.18196,1.1773,1.17791
900745,2017-10-17,1.17782,1.17815,1.1735,1.17698
900745,2017-10-18,1.17696,1.18167,1.1729,1.17994
900745,2017-10-19,1.18,1.18579,1.1767,1.18184
900745,2017-10-20,1.17727,1.17832,1.1765,1.17783
900745,2017-10-22,1.17643,1.17746,1.175,1.17697
900745,2017-10-23,1.17697,1.17774,1.1724,1.17657
900745,2017-10-24,1.17662,1.17929,1.1741,1.1754
900745,2017-10-25,1.17557,1.18328,1.1752,1.18247
900745,2017-10-26,1.18292,1.18328,1.1623,1.16387
900745,2017-10-27,1.15981,1.16098,1.1595,1.1609
900745,2017-10-29,1.16077,1.16153,1.1593,1.16141
900745,2017-10-30,1.1614,1.1658,1.16,1.16365
900745,2017-10-31,1.1636,1.16613,1.1623,1.16314
900745,2017-11-01,1.16315,1.16716,1.1605,1.1654
900745,2017-11-02,1.16554,1.16873,1.16258,1.16573
900745,2017-11-03,1.16077,1.1614,1.1604,1.16084
900745,2017-11-05,1.1616,1.16241,1.15779,1.16093
900745,2017-11-06,1.1609,1.16161,1.1579,1.16074
900745,2017-11-07,1.16073,1.16104,1.15536,1.15984
900745,2017-11-08,1.15985,1.16111,1.1578,1.15959
900745,2017-11-09,1.15959,1.16547,1.1588,1.1644
900745,2017-11-10,1.16648,1.16687,1.16613,1.16636
900745,2017-11-12,1.1658,1.1665,1.1644,1.16513
900745,2017-11-13,1.16645,1.16762,1.1653,1.16715
900745,2017-11-14,1.16724,1.1805,1.16639,1.17927
900745,2017-11-15,1.17926,1.18606,1.1767,1.17769
900745,2017-11-16,1.17767,1.18217,1.1756,1.1804
900745,2017-11-17,1.17947,1.1795,1.1785,1.17891
900745,2017-11-19,1.1787,1.1797,1.1721,1.17287
900745,2017-11-20,1.17286,1.18088,1.1726,1.17387
900745,2017-11-21,1.17387,1.17576,1.1712,1.17413
900745,2017-11-22,1.17415,1.18381,1.17352,1.18346
900745,2017-11-23,1.18346,1.1859,1.1823,1.18522
900745,2017-11-24,1.1933,1.1936,1.19251,1.19302
900745,2017-11-26,1.19259,1.1936,1.191,1.19237
900745,2017-11-27,1.19235,1.19612,1.18893,1.19043
900745,2017-11-28,1.19041,1.19199,1.18267,1.18502
900745,2017-11-29,1.18503,1.18828,1.18165,1.18617
900745,2017-11-30,1.18618,1.19315,1.1808,1.191
900745,2017-12-01,1.18909,1.19002,1.1889,1.18974
900745,2017-12-03,1.1861,1.1877,1.1855,1.18709
900745,2017-12-04,1.18708,1.18785,1.18289,1.18695
900745,2017-12-05,1.18692,1.18766,1.1799,1.18387
900745,2017-12-06,1.18385,1.1845,1.1779,1.1798
900745,2017-12-07,1.17978,1.18147,1.1759,1.176
900745,2017-12-08,1.17643,1.17744,1.1763,1.17698
900745,2017-12-10,1.1765,1.1784,1.1762,1.17779
900745,2017-12-11,1.17787,1.18116,1.1763,1.17718
900745,2017-12-12,1.17719,1.17927,1.1716,1.1753
900745,2017-12-13,1.17538,1.1844,1.1728,1.18324
900745,2017-12-14,1.18323,1.18626,1.1763,1.17836
900745,2017-12-15,1.17539,1.17561,1.17477,1.17495
900745,2017-12-17,1.17422,1.17652,1.17371,1.17603
900745,2017-12-18,1.17604,1.18344,1.1758,1.17921
900745,2017-12-19,1.1792,1.1849,1.1788,1.1842
900745,2017-12-20,1.18414,1.19016,1.1827,1.18669
900745,2017-12-21,1.186,1.1879,1.18166,1.18479
900745,2017-12-22,1.18579,1.1864,1.1854,1.18599
900745,2017-12-24,1.186,1.1863,1.18173,1.1857
900745,2017-12-25,1.18567,1.1902,1.18532,1.1868
900745,2017-12-26,1.18688,1.18792,1.1845,1.1873
900745,2017-12-27,1.18744,1.1919,1.1863,1.1917
900745,2017-12-28,1.19175,1.1959,1.1915,1.19443
900745,2017-12-29,1.1998,1.20069,1.1991,1.2003
900745,2017-12-31,1.2001,1.2007,1.2001,1.2007
900745,2018-01-01,1.1999,1.2024,1.19912,1.20173
900745,2018-01-02,1.20172,1.20811,1.2014,1.20508
900745,2018-01-03,1.205,1.20605,1.20009,1.20177
900745,2018-01-04,1.20176,1.20889,1.2013,1.2074
900745,2018-01-05,1.20419,1.20446,1.2027,1.20393
900745,2018-01-07,1.2027,1.20522,1.2021,1.20253
900745,2018-01-08,1.20251,1.2029,1.1955,1.1968
900745,2018-01-09,1.19648,1.19709,1.1915,1.19358
900745,2018-01-10,1.19359,1.20183,1.1922,1.19468
900745,2018-01-11,1.19469,1.20665,1.1929,1.2053
900745,2018-01-12,1.21871,1.22186,1.2186,1.21981
900745,2018-01-14,1.21921,1.2212,1.2186,1.22102
900745,2018-01-15,1.22152,1.22966,1.22,1.2267
900745,2018-01-16,1.22669,1.23231,1.2194,1.22493
900745,2018-01-17,1.22495,1.22879,1.21628,1.21946
900745,2018-01-18,1.21947,1.227,1.2186,1.22623
900745,2018-01-19,1.22208,1.22337,1.2214,1.22151
900745,2018-01-21,1.22693,1.22722,1.2215,1.2224
900745,2018-01-22,1.22574,1.2276,1.2223,1.22592
900745,2018-01-23,1.22594,1.23353,1.2222,1.23214
900745,2018-01-24,1.23213,1.24399,1.2302,1.2436
900745,2018-01-25,1.24357,1.25376,1.23636,1.24213
900745,2018-01-26,1.24197,1.24321,1.2417,1.24279
900745,2018-01-28,1.2426,1.24321,1.2384,1.24127
900745,2018-01-29,1.23985,1.2404,1.2336,1.23712
900745,2018-01-30,1.23716,1.24539,1.23345,1.24184
900745,2018-01-31,1.24195,1.24747,1.2386,1.24215
900745,2018-02-01,1.24215,1.25232,1.2385,1.24931
900745,2018-02-02,1.24613,1.24628,1.245,1.24553
900745,2018-02-04,1.2437,1.24665,1.2423,1.2459
900745,2018-02-05,1.24589,1.2475,1.235,1.2356
900745,2018-02-06,1.23561,1.24348,1.2313,1.2388
900745,2018-02-07,1.2388,1.24062,1.2245,1.22586
900745,2018-02-08,1.22584,1.22949,1.22115,1.22536
900745,2018-02-09,1.22348,1.22549,1.2231,1.22509
900745,2018-02-11,1.2248,1.22973,1.22398,1.22864
900745,2018-02-12,1.22866,1.23072,1.2234,1.2301
900745,2018-02-13,1.2302,1.23922,1.2298,1.2377
900745,2018-02-14,1.23771,1.24731,1.2275,1.24563
900745,2018-02-15,1.24654,1.25552,1.24568,1.25481
900745,2018-02-16,1.24057,1.2412,1.2403,1.24106
900745,2018-02-18,1.2402,1.24351,1.23957,1.2415
900745,2018-02-19,1.24154,1.2427,1.2368,1.23874
900745,2018-02-20,1.23872,1.23966,1.23168,1.23216
900745,2018-02-21,1.23218,1.23599,1.2264,1.22727
900745,2018-02-22,1.229,1.2352,1.22638,1.23013
900745,2018-02-23,1.22942,1.22984,1.2288,1.22937
900745,2018-02-25,1.22932,1.23189,1.228,1.2312
900745,2018-02-26,1.23122,1.23552,1.2277,1.2324
900745,2018-02-27,1.2323,1.23464,1.2214,1.22239
900745,2018-02-28,1.22269,1.22417,1.2182,1.21927
900745,2018-03-01,1.21924,1.22877,1.2154,1.22779
900745,2018-03-02,1.23251,1.2328,1.23146,1.23177
900745,2018-03-04,1.23343,1.23641,1.2299,1.23216
900745,2018-03-05,1.23215,1.23628,1.22686,1.23468
900745,2018-03-06,1.23469,1.24286,1.23278,1.2415
900745,2018-03-07,1.24084,1.24453,1.2384,1.24058
900745,2018-03-08,1.24058,1.2446,1.2294,1.23134
900745,2018-03-09,1.23065,1.23091,1.2302,1.2304
900745,2018-03-11,1.2311,1.23233,1.2304,1.23226
900745,2018-03-12,1.23022,1.23455,1.2289,1.23318
900745,2018-03-13,1.2331,1.24118,1.2313,1.24042
900745,2018-03-14,1.24043,1.24126,1.2346,1.23796
900745,2018-03-15,1.23795,1.2383,1.2293,1.23078
900745,2018-03-16,1.2306,1.23362,1.22599,1.22888
900745,2018-03-18,1.22828,1.22918,1.2263,1.2271
900745,2018-03-19,1.22713,1.23586,1.2257,1.23452
900745,2018-03-20,1.23452,1.23546,1.2238,1.22631
900745,2018-03-21,1.2263,1.23691,1.22508,1.23632
900745,2018-03-22,1.23634,1.23883,1.2285,1.23345
900745,2018-03-23,1.23344,1.23733,1.2316,1.23526
900745,2018-03-25,1.235,1.23832,1.23478,1.23731
900745,2018-03-26,1.23731,1.24615,1.23587,1.24514
900745,2018-03-27,1.24516,1.24766,1.23719,1.24212
900745,2018-03-28,1.2419,1.24212,1.2298,1.2326
900745,2018-03-29,1.23278,1.23355,1.2282,1.23108
900745,2018-03-30,1.23137,1.2331,1.2304,1.23148
900745,2018-04-01,1.23196,1.23283,1.2309,1.2319
900745,2018-04-02,1.2317,1.23449,1.22811,1.23054
900745,2018-04-03,1.23055,1.23361,1.2253,1.22814
900745,2018-04-04,1.22822,1.23145,1.2255,1.22845
900745,2018-04-05,1.22845,1.22853,1.2217,1.2241
900745,2018-04-06,1.22421,1.22908,1.22148,1.22799
900745,2018-04-08,1.22837,1.22848,1.2264,1.22722
900745,2018-04-09,1.22725,1.23306,1.2259,1.23147
900745,2018-04-10,1.23148,1.23776,1.2302,1.23625
900745,2018-04-11,1.2363,1.23962,1.2346,1.23677
900745,2018-04-12,1.23683,1.23739,1.2298,1.23297
900745,2018-04-13,1.2329,1.2346,1.2306,1.23287
900745,2018-04-15,1.23322,1.23428,1.2323,1.2337
900745,2018-04-16,1.2338,1.23945,1.23238,1.2381
900745,2018-04-17,1.23813,1.24136,1.2335,1.23814
900745,2018-04-18,1.2381,1.23971,1.23413,1.2379
900745,2018-04-19,1.23782,1.24002,1.2328,1.23411
900745,2018-04-20,1.23414,1.23529,1.22496,1.22869
900745,2018-04-22,1.22722,1.2288,1.2263,1.22717
900745,2018-04-23,1.22715,1.22896,1.2183,1.22132
900745,2018-04-24,1.22131,1.22449,1.2181,1.22235
900745,2018-04-25,1.22232,1.22236,1.2158,1.2177
900745,2018-04-26,1.21774,1.22099,1.2095,1.21149
900745,2018-04-27,1.21151,1.2133,1.2055,1.21299
900745,2018-04-29,1.2123,1.21341,1.2117,1.21247
900745,2018-04-30,1.21249,1.2139,1.2063,1.20758
900745,2018-05-01,1.20758,1.20771,1.1981,1.20052
900745,2018-05-02,1.20051,1.20317,1.1937,1.198
900745,2018-05-03,1.19802,1.20088,1.1949,1.19924
900745,2018-05-04,1.19926,1.1994,1.19103,1.19601
900745,2018-05-06,1.19514,1.1979,1.19514,1.19668
900745,2018-05-07,1.19669,1.19691,1.1897,1.1914
900745,2018-05-08,1.19151,1.19327,1.18378,1.185
900745,2018-05-09,1.18518,1.1897,1.1821,1.18634
900745,2018-05-10,1.18635,1.19464,1.185,1.19178
900745,2018-05-11,1.19177,1.1968,1.189,1.19386
900745,2018-05-13,1.19414,1.1969,1.19379,1.19643
900745,2018-05-14,1.1965,1.19961,1.1921,1.1931
900745,2018-05-15,1.1933,1.19372,1.1815,1.1833
900745,2018-05-16,1.18332,1.18541,1.1763,1.18279
900745,2018-05-17,1.18278,1.18353,1.1776,1.1803
900745,2018-05-18,1.1802,1.18221,1.1748,1.1769
900745,2018-05-20,1.17669,1.17755,1.1743,1.17514
900745,2018-05-21,1.17515,1.17973,1.1715,1.17808
900745,2018-05-22,1.178,1.18296,1.1749,1.1763
900745,2018-05-23,1.17623,1.17684,1.16753,1.17037
900745,2018-05-24,1.1701,1.17504,1.16927,1.1708
900745,2018-05-25,1.17089,1.17334,1.1644,1.16479
900745,2018-05-27,1.16862,1.17187,1.1674,1.1716
900745,2018-05-28,1.1716,1.17284,1.1606,1.16283
900745,2018-05-29,1.16285,1.16395,1.1509,1.15334
900745,2018-05-30,1.15337,1.16761,1.1528,1.16662
900745,2018-05-31,1.16661,1.17243,1.16409,1.16818
900745,2018-06-01,1.16818,1.1718,1.16167,1.16574
900745,2018-06-03,1.16559,1.1697,1.16559,1.16948
900745,2018-06-04,1.16948,1.17444,1.1674,1.16905
900745,2018-06-05,1.16897,1.17344,1.1652,1.17265
900745,2018-06-06,1.17263,1.18,1.1712,1.1784
900745,2018-06-07,1.17863,1.184,1.1784,1.17986
900745,2018-06-08,1.1798,1.18103,1.1726,1.17674
900745,2018-06-10,1.1774,1.18076,1.1769,1.17928
900745,2018-06-11,1.17929,1.18204,1.174,1.1764
900745,2018-06-12,1.17643,1.1809,1.17328,1.17444
900745,2018-06-13,1.17446,1.1805,1.17251,1.1801
900745,2018-06-14,1.18011,1.18514,1.1554,1.15638
900745,2018-06-15,1.15637,1.16271,1.1542,1.16065
900745,2018-06-17,1.15869,1.16018,1.1575,1.15902
900745,2018-06-18,1.15901,1.16446,1.1564,1.16403
900745,2018-06-19,1.16404,1.16404,1.153,1.15744
900745,2018-06-20,1.15747,1.16,1.1535,1.15637
900745,2018-06-21,1.1562,1.16336,1.15079,1.16129
900745,2018-06-22,1.16132,1.16751,1.1607,1.16575
900745,2018-06-24,1.16618,1.1673,1.1645,1.16559
900745,2018-06-25,1.16559,1.17206,1.1627,1.17095
900745,2018-06-26,1.17093,1.1719,1.1634,1.16593
900745,2018-06-27,1.16592,1.1672,1.15399,1.1567
900745,2018-06-28,1.15678,1.165,1.1526,1.16353
900745,2018-06-29,1.16354,1.16904,1.1612,1.1681
900745,2018-07-01,1.16761,1.16912,1.165,1.16528
900745,2018-07-02,1.16529,1.16574,1.159,1.16321
900745,2018-07-03,1.16319,1.1679,1.1625,1.16647
900745,2018-07-04,1.16646,1.16818,1.1629,1.1658
900745,2018-07-05,1.16581,1.17202,1.1648,1.16874
900745,2018-07-06,1.16873,1.17676,1.1683,1.17423
900745,2018-07-08,1.17359,1.17672,1.17359,1.1762
900745,2018-07-09,1.17625,1.17907,1.1731,1.17475
900745,2018-07-10,1.17475,1.17549,1.169,1.1728
900745,2018-07-11,1.17291,1.17582,1.1664,1.1674
900745,2018-07-12,1.16761,1.16955,1.1649,1.16613
900745,2018-07-13,1.16614,1.1687,1.1612,1.16845
900745,2018-07-15,1.16886,1.16912,1.1674,1.16833
900745,2018-07-16,1.16832,1.17252,1.1681,1.17194
900745,2018-07-17,1.17193,1.17446,1.1647,1.16515
900745,2018-07-18,1.16516,1.16622,1.1601,1.16516
900745,2018-07-19,1.16516,1.16783,1.1574,1.165
900745,2018-07-20,1.165,1.17387,1.16326,1.17204
900745,2018-07-22,1.17256,1.17508,1.17216,1.17398
900745,2018-07-23,1.17406,1.17427,1.1679,1.1686
900745,2018-07-24,1.16866,1.17168,1.1654,1.16819
900745,2018-07-25,1.16816,1.17437,1.1663,1.1731
900745,2018-07-26,1.17323,1.17429,1.1636,1.16489
900745,2018-07-27,1.1649,1.16644,1.162,1.1656
900745,2018-07-29,1.16562,1.1665,1.1648,1.1654
900745,2018-07-30,1.16541,1.1719,1.1647,1.17087
900745,2018-07-31,1.17086,1.17459,1.1679,1.16796
900745,2018-08-01,1.16793,1.16995,1.1649,1.16507
900745,2018-08-02,1.16505,1.16537,1.158,1.1591
900745,2018-08-03,1.15906,1.16105,1.1557,1.15673
900745,2018-08-05,1.15678,1.15706,1.1556,1.15634
900745,2018-08-06,1.15633,1.15704,1.1529,1.1556
900745,2018-08-07,1.15555,1.162,1.155,1.1619
900745,2018-08-08,1.16184,1.1628,1.1572,1.16152
900745,2018-08-09,1.1615,1.1616,1.1516,1.1533
900745,2018-08-10,1.15322,1.15332,1.1386,1.141
900745,2018-08-12,1.13707,1.14114,1.1367,1.13823
900745,2018-08-13,1.13824,1.14329,1.1364,1.14064
900745,2018-08-14,1.14065,1.14292,1.1318,1.13227
900745,2018-08-15,1.13226,1.13908,1.13,1.1387
900745,2018-08-16,1.13869,1.14091,1.13472,1.13775
900745,2018-08-17,1.13774,1.14451,1.1372,1.14379
900745,2018-08-19,1.14378,1.144,1.1425,1.14311
900745,2018-08-20,1.14309,1.1542,1.1394,1.15245
900745,2018-08-21,1.15244,1.16011,1.1491,1.15754
900745,2018-08-22,1.15754,1.16228,1.1548,1.1553
900745,2018-08-23,1.15531,1.15906,1.1529,1.15549
900745,2018-08-24,1.15547,1.16396,1.155,1.16202
900745,2018-08-26,1.1615,1.16535,1.1615,1.16256
900745,2018-08-27,1.16263,1.16971,1.1594,1.16739
900745,2018-08-28,1.1673,1.17335,1.1661,1.16947
900745,2018-08-29,1.16947,1.17136,1.1651,1.17001
900745,2018-08-30,1.17001,1.1718,1.1641,1.16635
900745,2018-08-31,1.16634,1.16901,1.15837,1.16002
900745,2018-09-02,1.15949,1.1605,1.1588,1.15987
900745,2018-09-03,1.15988,1.1628,1.15908,1.16007
900745,2018-09-04,1.16009,1.16111,1.1529,1.15964
900745,2018-09-05,1.15963,1.16593,1.1542,1.1634
900745,2018-09-06,1.16342,1.1655,1.1605,1.16236
900745,2018-09-07,1.1622,1.16493,1.1549,1.15524
900745,2018-09-09,1.15474,1.15641,1.1541,1.15438
900745,2018-09-10,1.15439,1.1616,1.1525,1.15979
900745,2018-09-11,1.1598,1.16441,1.1565,1.15854
900745,2018-09-12,1.15855,1.16495,1.1569,1.16371
900745,2018-09-13,1.16372,1.17012,1.1608,1.16927
900745,2018-09-14,1.16929,1.17214,1.1619,1.16213
900745,2018-09-16,1.16238,1.16364,1.1621,1.16359
900745,2018-09-17,1.16358,1.17029,1.16176,1.1694
900745,2018-09-18,1.16951,1.17245,1.1651,1.16743
900745,2018-09-19,1.16741,1.17149,1.1649,1.16782
900745,2018-09-20,1.16782,1.17853,1.1676,1.17838
900745,2018-09-21,1.17837,1.18027,1.17323,1.17468
900745,2018-09-23,1.17407,1.1753,1.1736,1.1742
900745,2018-09-24,1.174,1.1815,1.1723,1.1738
900745,2018-09-25,1.17402,1.17925,1.1733,1.17662
900745,2018-09-26,1.17661,1.17975,1.1725,1.17508
900745,2018-09-27,1.175,1.17522,1.1631,1.16474
900745,2018-09-28,1.16475,1.16511,1.1569,1.16023
900745,2018-09-30,1.16168,1.16171,1.1592,1.15961
900745,2018-10-01,1.15961,1.16246,1.1562,1.15701
900745,2018-10-02,1.15701,1.15936,1.1504,1.15797
900745,2018-10-03,1.15798,1.15928,1.14634,1.14723
900745,2018-10-04,1.14724,1.15424,1.1462,1.15063
900745,2018-10-05,1.1505,1.15496,1.1483,1.1519
900745,2018-10-07,1.1521,1.15296,1.1509,1.1511
900745,2018-10-08,1.15123,1.15157,1.1459,1.14899
900745,2018-10-09,1.14899,1.15152,1.1431,1.15101
900745,2018-10-10,1.15101,1.15722,1.1478,1.15681
900745,2018-10-11,1.15679,1.1609,1.1534,1.1602
900745,2018-10-12,1.16024,1.16103,1.1534,1.15578
900745,2018-10-14,1.15373,1.15555,1.15373,1.1547
900745,2018-10-15,1.15471,1.16061,1.1541,1.15762
900745,2018-10-16,1.15758,1.16218,1.1555,1.15609
900745,2018-10-17,1.15607,1.15778,1.1493,1.14999
900745,2018-10-18,1.14998,1.15272,1.1446,1.14569
900745,2018-10-19,1.14574,1.15344,1.1432,1.15128
900745,2018-10-21,1.15148,1.1518,1.1497,1.15144
900745,2018-10-22,1.15145,1.155,1.1452,1.14541
900745,2018-10-23,1.14542,1.14936,1.1438,1.14703
900745,2018-10-24,1.14707,1.14766,1.13782,1.14111
900745,2018-10-25,1.141,1.14325,1.1355,1.13647
900745,2018-10-26,1.13649,1.14208,1.1334,1.1401
900745,2018-10-28,1.13916,1.1404,1.1385,1.13944
900745,2018-10-29,1.13944,1.14162,1.136,1.13815
900745,2018-10-30,1.13817,1.13877,1.1337,1.134
900745,2018-10-31,1.13405,1.136,1.1301,1.1346
900745,2018-11-01,1.13461,1.1424,1.1336,1.13994
900745,2018-11-02,1.14,1.1456,1.1371,1.13857
900745,2018-11-04,1.1388,1.13993,1.1381,1.13844
900745,2018-11-05,1.13844,1.14239,1.13525,1.13996
900745,2018-11-06,1.13991,1.14728,1.1391,1.14572
900745,2018-11-07,1.14572,1.14999,1.1421,1.1423
900745,2018-11-08,1.14245,1.14467,1.1339,1.13474
900745,2018-11-09,1.13474,1.13598,1.13159,1.1332
900745,2018-11-11,1.1322,1.1331,1.1312,1.13227
900745,2018-11-12,1.13221,1.13232,1.1214,1.1246
900745,2018-11-13,1.12462,1.1321,1.1221,1.1287
900745,2018-11-14,1.12871,1.13475,1.1262,1.13375
900745,2018-11-15,1.13376,1.13623,1.12703,1.13336
900745,2018-11-16,1.13336,1.14204,1.132,1.14153
900745,2018-11-18,1.1413,1.14209,1.1396,1.13978
900745,2018-11-19,1.1397,1.14644,1.1392,1.14458
900745,2018-11-20,1.14458,1.14723,1.1357,1.13775
900745,2018-11-21,1.13775,1.14244,1.13669,1.139
900745,2018-11-22,1.1392,1.14339,1.13908,1.14134
900745,2018-11-23,1.14133,1.1421,1.1326,1.1335
900745,2018-11-25,1.134,1.13458,1.1325,1.13454
900745,2018-11-26,1.13454,1.13838,1.1323,1.13371
900745,2018-11-27,1.1337,1.1344,1.1276,1.1295
900745,2018-11-28,1.12953,1.13884,1.1266,1.1386
900745,2018-11-29,1.13855,1.14017,1.1347,1.13925
900745,2018-11-30,1.13921,1.1397,1.1304,1.13178
900745,2018-12-02,1.135,1.13569,1.1327,1.135
900745,2018-12-03,1.13498,1.1383,1.1318,1.13776
900745,2018-12-04,1.1377,1.14186,1.13181,1.1328
900745,2018-12-05,1.13282,1.13613,1.13104,1.1347
900745,2018-12-06,1.13473,1.14123,1.13207,1.13735
900745,2018-12-07,1.13736,1.14236,1.1359,1.13941
900745,2018-12-09,1.13905,1.14426,1.13898,1.14279
900745,2018-12-10,1.1428,1.14398,1.13486,1.13688
900745,2018-12-11,1.13687,1.14,1.1305,1.13259
900745,2018-12-12,1.1326,1.13872,1.1314,1.13646
900745,2018-12-13,1.13647,1.13934,1.133,1.13615
900745,2018-12-14,1.13616,1.1362,1.1268,1.1305
900745,2018-12-16,1.13,1.1315,1.12991,1.13092
900745,2018-12-17,1.131,1.136,1.1304,1.13472
900745,2018-12-18,1.1347,1.14021,1.1336,1.13809
900745,2018-12-19,1.13808,1.14392,1.1359,1.13854
900745,2018-12-20,1.13855,1.14858,1.1381,1.1444
900745,2018-12-21,1.14439,1.14739,1.1354,1.13678
900745,2018-12-23,1.1371,1.1392,1.1359,1.13915
900745,2018-12-24,1.13915,1.14384,1.13739,1.1413
900745,2018-12-25,1.1414,1.1423,1.1364,1.14053
900745,2018-12-26,1.14055,1.1414,1.1342,1.13844
900745,2018-12-27,1.1382,1.1467,1.13641,1.14513
900745,2018-12-28,1.14514,1.1476,1.143,1.144
900745,2018-12-30,1.1435,1.1452,1.1421,1.1423
900745,2018-12-31,1.14213,1.1499,1.142,1.1472
900745,2019-01-01,1.1471,1.1584,1.1441,1.14447
900745,2019-01-02,1.14448,1.14967,1.1308,1.13672
900745,2019-01-03,1.13671,1.14118,1.13368,1.13939
900745,2019-01-04,1.1392,1.1419,1.1345,1.13959
900745,2019-01-06,1.1395,1.143,1.13946,1.14202
900745,2019-01-07,1.14202,1.14844,1.14097,1.1439
900745,2019-01-08,1.14387,1.14692,1.1421,1.14595
900745,2019-01-09,1.14595,1.157,1.14385,1.15582
900745,2019-01-10,1.15583,1.1563,1.14841,1.15287
900745,2019-01-11,1.15287,1.15404,1.1457,1.14669
900745,2019-01-13,1.146,1.1478,1.1457,1.14757
900745,2019-01-14,1.14757,1.149,1.1449,1.14798
900745,2019-01-15,1.14797,1.14831,1.1381,1.1411
900745,2019-01-16,1.14101,1.14248,1.1376,1.13824
900745,2019-01-17,1.13825,1.1407,1.13698,1.13935
900745,2019-01-18,1.1392,1.14101,1.1352,1.136
900745,2019-01-20,1.13599,1.13801,1.13598,1.13784
900745,2019-01-21,1.13785,1.13913,1.1354,1.13583
900745,2019-01-22,1.13584,1.13738,1.1335,1.1366
900745,2019-01-23,1.13661,1.13942,1.135,1.1386
900745,2019-01-24,1.1386,1.1388,1.1288,1.13202
900745,2019-01-25,1.1321,1.14176,1.13139,1.14047
900745,2019-01-27,1.14,1.14256,1.13997,1.14187
900745,2019-01-28,1.14188,1.1444,1.1389,1.14313
900745,2019-01-29,1.14312,1.14502,1.141,1.14399
900745,2019-01-30,1.14399,1.15078,1.1405,1.15
900745,2019-01-31,1.15027,1.15142,1.1435,1.14418
900745,2019-02-01,1.14419,1.14885,1.1433,1.14541
900745,2019-02-03,1.14508,1.14602,1.144,1.144
900745,2019-02-04,1.14422,1.14542,1.1423,1.14317
900745,2019-02-05,1.14319,1.14357,1.1395,1.14
900745,2019-02-06,1.1401,1.14023,1.1355,1.13618
900745,2019-02-07,1.13617,1.13664,1.1323,1.134
900745,2019-02-08,1.13407,1.1351,1.1319,1.13208
900745,2019-02-10,1.13194,1.1329,1.13142,1.132
900745,2019-02-11,1.13191,1.133,1.1266,1.1276
900745,2019-02-12,1.12759,1.1342,1.1257,1.13366
900745,2019-02-13,1.13365,1.134,1.1248,1.128
900745,2019-02-14,1.12799,1.131,1.1249,1.12869
900745,2019-02-15,1.12869,1.13062,1.12339,1.12894
900745,2019-02-17,1.1291,1.13248,1.1288,1.13112
900745,2019-02-18,1.13119,1.1334,1.1291,1.12964
900745,2019-02-19,1.12966,1.13575,1.1274,1.13435
900745,2019-02-20,1.13434,1.1371,1.1324,1.13497
900745,2019-02-21,1.135,1.13663,1.13158,1.13359
900745,2019-02-22,1.13359,1.1357,1.1315,1.13353
900745,2019-02-24,1.1334,1.135,1.1327,1.13396
900745,2019-02-25,1.13396,1.1371,1.1335,1.13583
900745,2019-02-26,1.13584,1.14026,1.1344,1.1375
900745,2019-02-27,1.13763,1.14033,1.1361,1.1376
900745,2019-02-28,1.13765,1.142,1.1358,1.13732
900745,2019-03-01,1.1372,1.14086,1.1352,1.13626
900745,2019-03-03,1.1381,1.1383,1.136,1.13637
900745,2019-03-04,1.13641,1.13691,1.1308,1.13305
900745,2019-03-05,1.13307,1.13383,1.1288,1.12986
900745,2019-03-06,1.12987,1.13246,1.12848,1.1303
900745,2019-03-07,1.13037,1.13201,1.11759,1.11986
900745,2019-03-08,1.11989,1.12461,1.1195,1.123
900745,2019-03-10,1.12308,1.1238,1.1221,1.12327
900745,2019-03-11,1.12326,1.12736,1.1221,1.12605
900745,2019-03-12,1.12605,1.1306,1.1248,1.12838
900745,2019-03-13,1.12838,1.1341,1.1276,1.13205
900745,2019-03-14,1.13206,1.1336,1.1293,1.1319
900745,2019-03-15,1.13194,1.13443,1.1299,1.13237
900745,2019-03-17,1.13202,1.1338,1.1317,1.1333
900745,2019-03-18,1.13349,1.1359,1.1323,1.13478
900745,2019-03-19,1.13478,1.13616,1.1338,1.13464
900745,2019-03-20,1.13465,1.14478,1.1334,1.14237
900745,2019-03-21,1.14236,1.14295,1.1341,1.1373
900745,2019-03-22,1.1375,1.13906,1.1272,1.1301
900745,2019-03-24,1.12938,1.13002,1.1288,1.12987
900745,2019-03-25,1.12987,1.13316,1.1293,1.1314
900745,2019-03-26,1.13158,1.1326,1.125,1.12525
900745,2019-03-27,1.1253,1.12856,1.1241,1.12546
900745,2019-03-28,1.1255,1.12611,1.1213,1.1228
900745,2019-03-29,1.12282,1.12466,1.1208,1.1218
900745,2019-03-31,1.12277,1.1234,1.12188,1.12319
900745,2019-04-01,1.1232,1.12497,1.1196,1.12023
900745,2019-04-02,1.12025,1.12265,1.1182,1.12208
900745,2019-04-03,1.12214,1.12546,1.1214,1.1242
900745,2019-04-04,1.12421,1.1248,1.1204,1.12236
900745,2019-04-05,1.12237,1.1247,1.1209,1.12131
900745,2019-04-07,1.12152,1.12322,1.12115,1.12292
900745,2019-04-08,1.12291,1.12742,1.122,1.1267
900745,2019-04-09,1.1266,1.12842,1.1254,1.12604
900745,2019-04-10,1.126,1.1294,1.1229,1.1276
900745,2019-04-11,1.12764,1.12946,1.1248,1.12897
900745,2019-04-12,1.129,1.1325,1.128,1.12977
900745,2019-04-14,1.13027,1.13143,1.1297,1.13109
900745,2019-04-15,1.13111,1.13209,1.1291,1.13026
900745,2019-04-16,1.13023,1.13141,1.12777,1.1302
900745,2019-04-17,1.13022,1.13236,1.1288,1.12939
900745,2019-04-18,1.12938,1.1304,1.1225,1.1236
900745,2019-04-19,1.12363,1.1255,1.1223,1.1243
900745,2019-04-21,1.12445,1.12457,1.1235,1.12366
900745,2019-04-22,1.12364,1.1263,1.1234,1.1253
900745,2019-04-23,1.12527,1.12611,1.1191,1.12108
900745,2019-04-24,1.12109,1.12233,1.114,1.1156
900745,2019-04-25,1.11557,1.11623,1.1117,1.11355
900745,2019-04-26,1.11356,1.11739,1.11086,1.1143
900745,2019-04-28,1.11448,1.1161,1.1143,1.11578
900745,2019-04-29,1.11574,1.1193,1.1144,1.1187
900745,2019-04-30,1.1188,1.1229,1.1174,1.1218
900745,2019-05-01,1.1217,1.12644,1.11868,1.1206
900745,2019-05-02,1.1206,1.12189,1.1169,1.1173
900745,2019-05-03,1.1174,1.1205,1.1134,1.12013
900745,2019-05-05,1.11692,1.1203,1.11692,1.11933
900745,2019-05-06,1.11935,1.121,1.1178,1.1207
900745,2019-05-07,1.12071,1.12178,1.1165,1.1204
900745,2019-05-08,1.12028,1.12136,1.1181,1.1191
900745,2019-05-09,1.11906,1.12509,1.1173,1.12292
900745,2019-05-10,1.12292,1.12535,1.1216,1.12318
900745,2019-05-12,1.1232,1.12406,1.1227,1.1229
900745,2019-05-13,1.12294,1.12633,1.12174,1.12391
900745,2019-05-14,1.1238,1.1244,1.1199,1.1206
900745,2019-05-15,1.12083,1.12243,1.1177,1.1208
900745,2019-05-16,1.12085,1.1224,1.1165,1.1177
900745,2019-05-17,1.11772,1.11842,1.1153,1.11559
900745,2019-05-19,1.116,1.1168,1.1152,1.11535
900745,2019-05-20,1.11536,1.1175,1.1149,1.1163
900745,2019-05-21,1.1163,1.11879,1.114,1.11616
900745,2019-05-22,1.11617,1.1181,1.1146,1.115
900745,2019-05-23,1.1149,1.11874,1.11064,1.118
900745,2019-05-24,1.11809,1.1212,1.1177,1.12041
900745,2019-05-26,1.12092,1.1216,1.1201,1.1214
900745,2019-05-27,1.12138,1.1215,1.1178,1.11819
900745,2019-05-28,1.11821,1.11982,1.11576,1.11649
900745,2019-05-29,1.11642,1.11692,1.1123,1.1138
900745,2019-05-30,1.11379,1.11433,1.1115,1.11306
900745,2019-05-31,1.11307,1.1181,1.1124,1.11671
900745,2019-06-02,1.11602,1.119,1.11602,1.1184
900745,2019-06-03,1.1183,1.1262,1.1159,1.12529
900745,2019-06-04,1.12534,1.12775,1.12259,1.1261
900745,2019-06-05,1.1259,1.13066,1.1218,1.12301
900745,2019-06-06,1.12303,1.13087,1.11982,1.1267
900745,2019-06-07,1.1266,1.13477,1.125,1.13315
900745,2019-06-09,1.13211,1.13306,1.1309,1.131
900745,2019-06-10,1.13107,1.13239,1.12899,1.1312
900745,2019-06-11,1.13138,1.13375,1.1301,1.1332
900745,2019-06-12,1.13333,1.13433,1.1282,1.1293
900745,2019-06-13,1.12932,1.13036,1.1268,1.1272
900745,2019-06-14,1.1271,1.1289,1.1201,1.12068
900745,2019-06-16,1.12105,1.1225,1.12082,1.12198
900745,2019-06-17,1.122,1.1247,1.1202,1.1228
900745,2019-06-18,1.12301,1.1243,1.118,1.1192
900745,2019-06-19,1.11932,1.12729,1.1185,1.1271
900745,2019-06-20,1.12709,1.13181,1.1259,1.1301
900745,2019-06-21,1.13,1.13778,1.1281,1.13689
900745,2019-06-23,1.13695,1.13861,1.13655,1.138
900745,2019-06-24,1.1379,1.14102,1.1371,1.1406
900745,2019-06-25,1.14065,1.1413,1.1343,1.13555
900745,2019-06-26,1.13554,1.13914,1.1347,1.13582
900745,2019-06-27,1.13589,1.13814,1.1346,1.1364
900745,2019-06-28,1.13654,1.13934,1.135,1.1368
900745,2019-06-30,1.13595,1.1371,1.1346,1.13523
900745,2019-07-01,1.13525,1.136,1.1274,1.1278
900745,2019-07-02,1.1279,1.13215,1.1276,1.1287
900745,2019-07-03,1.12869,1.13123,1.12679,1.1281
900745,2019-07-04,1.1282,1.129,1.1272,1.12822
900745,2019-07-05,1.12823,1.1283,1.1206,1.12248
900745,2019-07-07,1.12234,1.123,1.1218,1.1227
900745,2019-07-08,1.12276,1.12344,1.1205,1.12106
900745,2019-07-09,1.12114,1.12181,1.1193,1.12071
900745,2019-07-10,1.1205,1.12807,1.1202,1.12781
900745,2019-07-11,1.12782,1.12857,1.1244,1.1262
900745,2019-07-12,1.12716,1.1275,1.1237,1.12699
900745,2019-07-14,1.1267,1.1278,1.1263,1.12722
900745,2019-07-15,1.1272,1.1284,1.1252,1.1258
900745,2019-07-16,1.12594,1.1262,1.12,1.12133
900745,2019-07-17,1.12135,1.1242,1.1199,1.1239
900745,2019-07-18,1.1239,1.1282,1.12049,1.12622
900745,2019-07-19,1.12622,1.12654,1.1203,1.12163
900745,2019-07-21,1.1213,1.122,1.1207,1.12177
900745,2019-07-22,1.12179,1.12251,1.119,1.11941
900745,2019-07-23,1.1194,1.1196,1.1141,1.1143
900745,2019-07-24,1.11429,1.11557,1.1126,1.1133
900745,2019-07-25,1.11352,1.11876,1.11007,1.1149
900745,2019-07-26,1.1148,1.115,1.1111,1.11242
900745,2019-07-28,1.11238,1.1139,1.11216,1.1128
900745,2019-07-29,1.11286,1.1151,1.1112,1.1142
900745,2019-07-30,1.11426,1.11607,1.1131,1.11538
900745,2019-07-31,1.11538,1.1162,1.10329,1.10453
900745,2019-08-01,1.10454,1.10964,1.1026,1.10737
900745,2019-08-02,1.1074,1.11163,1.1072,1.11057
900745,2019-08-04,1.11092,1.11326,1.1103,1.1124
900745,2019-08-05,1.11253,1.12495,1.1113,1.12112
900745,2019-08-06,1.12118,1.12196,1.1167,1.1212
900745,2019-08-07,1.12143,1.12419,1.1178,1.1211
900745,2019-08-08,1.12103,1.12329,1.1176,1.11957
900745,2019-08-09,1.1196,1.12227,1.1182,1.11955
900745,2019-08-11,1.11966,1.121,1.11962,1.1204
900745,2019-08-12,1.12058,1.12305,1.1161,1.11881
900745,2019-08-13,1.11881,1.12284,1.1168,1.11707
900745,2019-08-14,1.11707,1.11907,1.1129,1.11474
900745,2019-08-15,1.11475,1.11583,1.109,1.11022
900745,2019-08-16,1.11023,1.11067,1.1065,1.10898
900745,2019-08-18,1.10931,1.1101,1.1086,1.10908
900745,2019-08-19,1.10909,1.11136,1.1075,1.1087
900745,2019-08-20,1.10869,1.1107,1.10649,1.10951
900745,2019-08-21,1.10949,1.1107,1.1079,1.10867
900745,2019-08-22,1.10868,1.11131,1.1062,1.1067
900745,2019-08-23,1.10677,1.11531,1.105,1.11371
900745,2019-08-25,1.11505,1.11635,1.11316,1.1141
900745,2019-08-26,1.114,1.1153,1.1093,1.11
900745,2019-08-27,1.11005,1.11159,1.1084,1.10871
900745,2019-08-28,1.10875,1.1098,1.1065,1.10839
900745,2019-08-29,1.10841,1.1093,1.104,1.1045
900745,2019-08-30,1.10441,1.10518,1.0961,1.0988
900745,2019-09-01,1.09905,1.0996,1.09828,1.0989
900745,2019-09-02,1.09902,1.0993,1.0929,1.0936
900745,2019-09-03,1.09348,1.098,1.0925,1.09756
900745,2019-09-04,1.09757,1.10392,1.0971,1.10268
900745,2019-09-05,1.10271,1.10845,1.1016,1.10338
900745,2019-09-06,1.1032,1.10572,1.1019,1.10261
900745,2019-09-08,1.10255,1.10285,1.1014,1.10263
900745,2019-09-09,1.10267,1.10679,1.102,1.10438
900745,2019-09-10,1.10436,1.10593,1.1029,1.10491
900745,2019-09-11,1.10493,1.10555,1.0984,1.10127
900745,2019-09-12,1.1013,1.10872,1.0926,1.1068
900745,2019-09-13,1.10687,1.11095,1.106,1.1072
900745,2019-09-15,1.10731,1.10861,1.1068,1.10696
900745,2019-09-16,1.10706,1.10821,1.0992,1.1007
900745,2019-09-17,1.10099,1.10756,1.0989,1.10648
900745,2019-09-18,1.10655,1.10685,1.1013,1.10354
900745,2019-09-19,1.10354,1.10733,1.1033,1.10562
900745,2019-09-20,1.10561,1.10675,1.09958,1.1018
900745,2019-09-22,1.10154,1.10253,1.10102,1.10222
900745,2019-09-23,1.10222,1.10254,1.0965,1.09893
900745,2019-09-24,1.09893,1.1024,1.0982,1.10022
900745,2019-09-25,1.10019,1.10053,1.0936,1.0961
900745,2019-09-26,1.0962,1.09673,1.0904,1.09244
900745,2019-09-27,1.09243,1.09586,1.0906,1.09403
900745,2019-09-29,1.09417,1.09461,1.0928,1.0933
900745,2019-09-30,1.09324,1.09479,1.0884,1.0887
900745,2019-10-01,1.08876,1.09427,1.0878,1.09362
900745,2019-10-02,1.0934,1.0966,1.0903,1.0957
900745,2019-10-03,1.09563,1.09993,1.0939,1.09767
900745,2019-10-04,1.09774,1.09981,1.0956,1.0979
900745,2019-10-06,1.09799,1.099,1.09715,1.09797
900745,2019-10-07,1.09796,1.10004,1.096,1.0975
900745,2019-10-08,1.09748,1.09961,1.094,1.0962
900745,2019-10-09,1.09634,1.09932,1.0954,1.0988
900745,2019-10-10,1.09884,1.10338,1.0981,1.1014
900745,2019-10-11,1.10148,1.10626,1.1,1.1036
900745,2019-10-13,1.103,1.10379,1.1022,1.10304
900745,2019-10-14,1.10312,1.1043,1.1012,1.10319
900745,2019-10-15,1.10318,1.10459,1.099,1.10306
900745,2019-10-16,1.10307,1.10856,1.1021,1.10772
900745,2019-10-17,1.10771,1.11397,1.1064,1.11266
900745,2019-10-18,1.11273,1.11715,1.1113,1.11684
900745,2019-10-20,1.11586,1.116,1.1153,1.11598
900745,2019-10-21,1.11596,1.11794,1.1137,1.11492
900745,2019-10-22,1.11494,1.1157,1.1114,1.11171
900745,2019-10-23,1.11171,1.1142,1.1105,1.11358
900745,2019-10-24,1.11359,1.11625,1.1091,1.11015
900745,2019-10-25,1.1103,1.1123,1.1071,1.10792
900745,2019-10-27,1.10795,1.10841,1.1072,1.10807
900745,2019-10-28,1.108,1.11065,1.1079,1.1095
900745,2019-10-29,1.10962,1.11187,1.1072,1.1107
900745,2019-10-30,1.1108,1.117,1.1079,1.1167
900745,2019-10-31,1.11686,1.11755,1.113,1.1164
900745,2019-11-01,1.11642,1.1172,1.1127,1.11651
900745,2019-11-03,1.1167,1.1174,1.1158,1.11694
900745,2019-11-04,1.11693,1.11754,1.1112,1.11239
900745,2019-11-05,1.11237,1.11403,1.1062,1.10706
900745,2019-11-06,1.10704,1.10927,1.1054,1.10585
900745,2019-11-07,1.10585,1.10917,1.1035,1.1046
900745,2019-11-08,1.10471,1.10554,1.1015,1.10167
900745,2019-11-10,1.10225,1.1025,1.1015,1.10234
900745,2019-11-11,1.1022,1.10431,1.1019,1.1034
900745,2019-11-12,1.10341,1.10385,1.1001,1.10145
900745,2019-11-13,1.10144,1.10203,1.0994,1.10003
900745,2019-11-14,1.10004,1.103,1.0988,1.10252
900745,2019-11-15,1.10258,1.1057,1.1013,1.1049
900745,2019-11-17,1.10489,1.1065,1.10478,1.10608
900745,2019-11-18,1.1061,1.109,1.1053,1.1073
900745,2019-11-19,1.10749,1.1084,1.1063,1.10729
900745,2019-11-20,1.1073,1.10812,1.1051,1.1074
900745,2019-11-21,1.10748,1.1097,1.10519,1.1062
900745,2019-11-22,1.10635,1.10874,1.1013,1.10155
900745,2019-11-24,1.10148,1.1027,1.10148,1.1022
900745,2019-11-25,1.10219,1.1032,1.10029,1.10142
900745,2019-11-26,1.10135,1.1026,1.10067,1.1011
900745,2019-11-27,1.10122,1.1014,1.099,1.10064
900745,2019-11-28,1.10056,1.1018,1.0999,1.10102
900745,2019-11-29,1.1011,1.10281,1.098,1.10172
900745,2019-12-01,1.1023,1.10265,1.1013,1.10184
900745,2019-12-02,1.10182,1.1091,1.1001,1.10738
900745,2019-12-03,1.10736,1.10934,1.1064,1.10749
900745,2019-12-04,1.10748,1.11159,1.1065,1.1083
900745,2019-12-05,1.1083,1.1109,1.1078,1.11069
900745,2019-12-06,1.1107,1.111,1.1038,1.10594
900745,2019-12-08,1.1057,1.10604,1.1052,1.1055
900745,2019-12-09,1.10565,1.1078,1.1054,1.10663
900745,2019-12-10,1.10663,1.10976,1.1063,1.109
900745,2019-12-11,1.10895,1.1145,1.1069,1.11415
900745,2019-12-12,1.11416,1.11991,1.1102,1.11708
900745,2019-12-13,1.11708,1.1186,1.111,1.11175
900745,2019-12-15,1.11281,1.1133,1.11219,1.1131
900745,2019-12-16,1.11325,1.11582,1.1125,1.11469
900745,2019-12-17,1.1147,1.1174,1.113,1.1131
900745,2019-12-18,1.1131,1.11425,1.1109,1.11257
900745,2019-12-19,1.11255,1.11441,1.11069,1.11154
900745,2019-12-20,1.1116,1.11235,1.1065,1.10736
900745,2019-12-22,1.10804,1.10831,1.1071,1.10781
900745,2019-12-23,1.10781,1.1096,1.1068,1.10879
900745,2019-12-24,1.1087,1.1095,1.1068,1.1087
900745,2019-12-25,1.1086,1.1313,1.10708,1.1089
900745,2019-12-26,1.10888,1.1122,1.108,1.1119
900745,2019-12-27,1.11202,1.11882,1.1116,1.11753
900745,2019-12-29,1.11746,1.12106,1.11698,1.11965
900745,2019-12-30,1.11965,1.12206,1.1181,1.1204
900745,2019-12-31,1.1203,1.12391,1.1149,1.1168
900745,2020-01-01,1.1166,1.1275,1.1156,1.1201
900745,2020-01-02,1.12008,1.1214,1.1162,1.11699
900745,2020-01-03,1.11698,1.118,1.1123,1.11585
900745,2020-01-05,1.11643,1.1171,1.11583,1.1164
900745,2020-01-06,1.11642,1.1206,1.1156,1.11907
900745,2020-01-07,1.11905,1.11924,1.1132,1.11476
900745,2020-01-08,1.11475,1.1155,1.1101,1.1116
900745,2020-01-09,1.11151,1.11204,1.10919,1.11074
900745,2020-01-10,1.11075,1.11291,1.1084,1.1119
900745,2020-01-12,1.11158,1.11304,1.11113,1.11265
900745,2020-01-13,1.11271,1.1147,1.1111,1.11364
900745,2020-01-14,1.11362,1.11445,1.1103,1.1133
900745,2020-01-15,1.1132,1.11633,1.1118,1.11508
900745,2020-01-16,1.1149,1.11726,1.1127,1.1132
900745,2020-01-17,1.11318,1.11411,1.1085,1.10884
900745,2020-01-19,1.10918,1.11,1.10882,1.10962
900745,2020-01-20,1.1095,1.11023,1.1075,1.1097
900745,2020-01-21,1.10989,1.1118,1.1076,1.10823
900745,2020-01-22,1.10821,1.10994,1.1069,1.1085
900745,2020-01-23,1.10851,1.11081,1.1035,1.10486
900745,2020-01-24,1.10485,1.10611,1.1019,1.10246
900745,2020-01-26,1.10298,1.1036,1.10233,1.10268
900745,2020-01-27,1.1026,1.10374,1.1008,1.1022
900745,2020-01-28,1.10222,1.10276,1.0997,1.10128
900745,2020-01-29,1.1013,1.10207,1.0991,1.10169
900745,2020-01-30,1.1015,1.10392,1.1006,1.10241
900745,2020-01-31,1.1023,1.10953,1.1016,1.10946
900745,2020-02-02,1.10944,1.10944,1.1078,1.10815
900745,2020-02-03,1.10816,1.10861,1.10333,1.10597
900745,2020-02-04,1.10597,1.1064,1.1031,1.10341
900745,2020-02-05,1.10343,1.10478,1.0992,1.0995
900745,2020-02-06,1.09955,1.10137,1.0963,1.09812
900745,2020-02-07,1.09811,1.09833,1.0941,1.09444
900745,2020-02-09,1.09431,1.09573,1.0941,1.09567
900745,2020-02-10,1.09565,1.0958,1.0906,1.09094
900745,2020-02-11,1.0909,1.09247,1.08906,1.0912
900745,2020-02-12,1.0911,1.09255,1.0864,1.08689
900745,2020-02-13,1.08688,1.0889,1.08269,1.0832
900745,2020-02-14,1.08413,1.08613,1.08273,1.0831
900745,2020-02-16,1.08402,1.08417,1.0832,1.08373
900745,2020-02-17,1.08373,1.0851,1.0822,1.08298
900745,2020-02-18,1.08302,1.08373,1.07829,1.07973
900745,2020-02-19,1.0797,1.08151,1.0781,1.07984
900745,2020-02-20,1.07983,1.08211,1.0777,1.0794
900745,2020-02-21,1.07945,1.08634,1.0788,1.0845
900745,2020-02-23,1.08232,1.08423,1.0817,1.082
900745,2020-02-24,1.0821,1.0872,1.08042,1.08604
900745,2020-02-25,1.08604,1.08903,1.0829,1.08671
900745,2020-02-26,1.08674,1.09144,1.0853,1.09122
900745,2020-02-27,1.09124,1.10065,1.0904,1.09941
900745,2020-02-28,1.09939,1.1053,1.095,1.1027
900745,2020-03-01,1.10446,1.10735,1.10359,1.10526
900745,2020-03-02,1.10526,1.11845,1.1037,1.11444
900745,2020-03-03,1.11444,1.12128,1.10945,1.11609
900745,2020-03-04,1.1161,1.11874,1.1094,1.1139
900745,2020-03-05,1.11382,1.12487,1.11187,1.12306
900745,2020-03-06,1.123,1.13545,1.1218,1.12895
900745,2020-03-08,1.13446,1.14952,1.13343,1.14152
900745,2020-03-09,1.14153,1.14846,1.13647,1.1393
900745,2020-03-10,1.13946,1.14014,1.12738,1.13287
900745,2020-03-11,1.13295,1.13666,1.12473,1.1313
900745,2020-03-12,1.13125,1.13196,1.1054,1.12132
900745,2020-03-13,1.12131,1.12214,1.1054,1.11004
900745,2020-03-15,1.10778,1.11987,1.10778,1.11235
900745,2020-03-16,1.11234,1.12371,1.10937,1.11791
900745,2020-03-17,1.1179,1.11854,1.09538,1.10274
900745,2020-03-18,1.10272,1.10453,1.0801,1.08973
900745,2020-03-19,1.08972,1.09471,1.06517,1.07344
900745,2020-03-20,1.07346,1.0831,1.0636,1.0694
900745,2020-03-22,1.07,1.073,1.0635,1.07137
900745,2020-03-23,1.07133,1.08277,1.06656,1.07995
900745,2020-03-24,1.08004,1.08881,1.0744,1.08088
900745,2020-03-25,1.08085,1.09335,1.07842,1.09168
900745,2020-03-26,1.09167,1.10865,1.0895,1.1079
900745,2020-03-27,1.10786,1.11476,1.09527,1.11432
900745,2020-03-29,1.11162,1.11441,1.1078,1.10804
900745,2020-03-30,1.1079,1.11064,1.09821,1.10261
900745,2020-03-31,1.10265,1.1039,1.0926,1.10192
900745,2020-04-01,1.10194,1.10332,1.0901,1.0938
900745,2020-04-02,1.09388,1.09647,1.0819,1.0845
900745,2020-04-03,1.08451,1.08512,1.0772,1.08123
900745,2020-04-05,1.08123,1.08233,1.0798,1.08147
900745,2020-04-06,1.08146,1.08354,1.0767,1.08146
900745,2020-04-07,1.08142,1.09271,1.081,1.0858
900745,2020-04-08,1.08595,1.08882,1.0829,1.08661
900745,2020-04-09,1.08664,1.09516,1.084,1.094
900745,2020-04-10,1.09425,1.09528,1.09261,1.09365
900745,2020-04-12,1.09478,1.0948,1.0921,1.09332
900745,2020-04-13,1.0934,1.09677,1.0891,1.09469
900745,2020-04-14,1.0946,1.09915,1.0914,1.09773
900745,2020-04-15,1.09774,1.09789,1.0856,1.08737
900745,2020-04-16,1.08738,1.0905,1.0816,1.08667
900745,2020-04-17,1.0866,1.08926,1.081,1.0872
900745,2020-04-19,1.08676,1.08748,1.08558,1.08607
900745,2020-04-20,1.08611,1.08967,1.0825,1.08373
900745,2020-04-21,1.08375,1.08802,1.0815,1.08504
900745,2020-04-22,1.08505,1.08852,1.0802,1.08092
900745,2020-04-23,1.08091,1.08462,1.0755,1.07709
900745,2020-04-24,1.07711,1.08249,1.0726,1.08239
900745,2020-04-26,1.0821,1.0833,1.081,1.08314
900745,2020-04-27,1.08319,1.08601,1.0815,1.08244
900745,2020-04-28,1.08243,1.08884,1.0808,1.08465
900745,2020-04-29,1.08468,1.08855,1.0838,1.08628
900745,2020-04-30,1.0863,1.0972,1.08325,1.09448
900745,2020-05-01,1.09451,1.10187,1.0942,1.09798
900745,2020-05-03,1.09682,1.0975,1.0939,1.09425
900745,2020-05-04,1.09421,1.09489,1.0894,1.09035
900745,2020-05-05,1.09039,1.09258,1.0824,1.08346
900745,2020-05-06,1.08347,1.08412,1.0781,1.0799
900745,2020-05-07,1.08008,1.0855,1.0765,1.08473
900745,2020-05-08,1.08474,1.08755,1.0814,1.08378
900745,2020-05-10,1.08263,1.08506,1.08229,1.08474
900745,2020-05-11,1.08473,1.085,1.0783,1.08066
900745,2020-05-12,1.08064,1.08851,1.0799,1.08508
900745,2020-05-13,1.08504,1.08964,1.0806,1.08089
900745,2020-05-14,1.08089,1.08203,1.0774,1.0803
900745,2020-05-15,1.08052,1.08508,1.0788,1.08184
900745,2020-05-17,1.08118,1.08271,1.08093,1.08232
900745,2020-05-18,1.08234,1.09271,1.0798,1.0908
900745,2020-05-19,1.09083,1.09761,1.0906,1.09394
900745,2020-05-20,1.09401,1.09991,1.0936,1.096
900745,2020-05-21,1.09608,1.10086,1.0928,1.09346
900745,2020-05-22,1.09345,1.0935,1.0884,1.0901
900745,2020-05-24,1.08949,1.0909,1.0886,1.0889
900745,2020-05-25,1.08891,1.092,1.0869,1.09183
900745,2020-05-26,1.09182,1.0997,1.0914,1.0962
900745,2020-05-27,1.09617,1.10352,1.0933,1.10117
900745,2020-05-28,1.10116,1.10935,1.099,1.1088
900745,2020-05-29,1.10895,1.1145,1.108,1.11075
900745,2020-05-31,1.11187,1.11403,1.11021,1.11329
900745,2020-06-01,1.11327,1.11539,1.1099,1.11265
900745,2020-06-02,1.11265,1.12111,1.1114,1.12074
900745,2020-06-03,1.12074,1.12577,1.1183,1.1214
900745,2020-06-04,1.12162,1.13628,1.1193,1.1339
900745,2020-06-05,1.13387,1.13839,1.1277,1.12872
900745,2020-06-07,1.1294,1.13195,1.1284,1.12898
900745,2020-06-08,1.12899,1.13185,1.1267,1.1287
900745,2020-06-09,1.12871,1.1364,1.124,1.13426
900745,2020-06-10,1.13427,1.14222,1.13211,1.13574
900745,2020-06-11,1.13575,1.14036,1.1275,1.1292
900745,2020-06-12,1.12939,1.13408,1.1212,1.12602
900745,2020-06-14,1.12325,1.12643,1.12259,1.12634
900745,2020-06-15,1.12632,1.13485,1.1225,1.13397
900745,2020-06-16,1.13398,1.13533,1.1227,1.12643
900745,2020-06-17,1.12641,1.12941,1.12066,1.1248
900745,2020-06-18,1.12492,1.12615,1.1185,1.12143
900745,2020-06-19,1.1212,1.12544,1.1168,1.11763
900745,2020-06-21,1.11816,1.11969,1.11677,1.11924
900745,2020-06-22,1.1192,1.12811,1.1187,1.12691
900745,2020-06-23,1.1269,1.13486,1.1256,1.13153
900745,2020-06-24,1.13151,1.13253,1.1238,1.12421
900745,2020-06-25,1.12419,1.12535,1.1189,1.12225
900745,2020-06-26,1.12223,1.12393,1.11944,1.12178
900745,2020-06-28,1.12192,1.1247,1.12166,1.12393
900745,2020-06-29,1.12395,1.1288,1.1217,1.12376
900745,2020-06-30,1.12379,1.12619,1.119,1.12266
900745,2020-07-01,1.12267,1.12751,1.1184,1.1263
900745,2020-07-02,1.1262,1.13026,1.1222,1.12448
900745,2020-07-03,1.12443,1.1253,1.1218,1.12472
900745,2020-07-05,1.12418,1.12854,1.12401,1.12827
900745,2020-07-06,1.12828,1.13455,1.128,1.13101
900745,2020-07-07,1.13097,1.13161,1.1257,1.1276
900745,2020-07-08,1.12781,1.1364,1.1262,1.13623
900745,2020-07-09,1.13618,1.13707,1.1268,1.12743
900745,2020-07-10,1.12742,1.1325,1.1254,1.12968
900745,2020-07-12,1.13042,1.13303,1.13009,1.13266
900745,2020-07-13,1.13267,1.1375,1.13,1.13421
900745,2020-07-14,1.1342,1.14232,1.1324,1.13977
900745,2020-07-15,1.13976,1.14521,1.139,1.14051
900745,2020-07-16,1.14053,1.14417,1.1369,1.13917
900745,2020-07-17,1.13918,1.1444,1.1377,1.14256
900745,2020-07-19,1.14145,1.14455,1.1411,1.14185
900745,2020-07-20,1.14186,1.14698,1.1402,1.1444
900745,2020-07-21,1.14456,1.1547,1.1422,1.15406
900745,2020-07-22,1.15405,1.16011,1.1506,1.15761
900745,2020-07-23,1.15771,1.16268,1.154,1.16128
900745,2020-07-24,1.16129,1.1658,1.158,1.1652
900745,2020-07-26,1.16427,1.17249,1.16405,1.17098
900745,2020-07-27,1.17102,1.17813,1.1681,1.17242
900745,2020-07-28,1.17241,1.1743,1.1698,1.17288
900745,2020-07-29,1.17285,1.18063,1.1717,1.17763
900745,2020-07-30,1.17764,1.19049,1.173,1.18919
900745,2020-07-31,1.18913,1.19088,1.17614,1.17713
900745,2020-08-02,1.17726,1.17965,1.1739,1.17721
900745,2020-08-03,1.1773,1.1785,1.16957,1.17675
900745,2020-08-04,1.17676,1.18216,1.17209,1.18153
900745,2020-08-05,1.18152,1.19049,1.1798,1.1871
900745,2020-08-06,1.1872,1.19161,1.1817,1.1826
900745,2020-08-07,1.18262,1.18507,1.1754,1.17854
900745,2020-08-09,1.17886,1.17983,1.17728,1.17952
900745,2020-08-10,1.17951,1.18008,1.1721,1.17488
900745,2020-08-11,1.17487,1.18075,1.1715,1.17212
900745,2020-08-12,1.17205,1.18172,1.171,1.18077
900745,2020-08-13,1.18076,1.18641,1.1793,1.18104
900745,2020-08-14,1.18105,1.18504,1.17815,1.1842
900745,2020-08-16,1.18396,1.18675,1.18336,1.186
900745,2020-08-17,1.18601,1.18965,1.1828,1.18858
900745,2020-08-18,1.18859,1.19657,1.18822,1.19296
900745,2020-08-19,1.19298,1.19508,1.1829,1.18474
900745,2020-08-20,1.18472,1.18769,1.18019,1.1872
900745,2020-08-21,1.18729,1.1883,1.1753,1.1796
900745,2020-08-23,1.17905,1.18064,1.1783,1.17878
900745,2020-08-24,1.17879,1.18497,1.1783,1.18059
900745,2020-08-25,1.18058,1.18438,1.1797,1.18186
900745,2020-08-26,1.18184,1.185,1.1771,1.1832
900745,2020-08-27,1.18337,1.19017,1.17623,1.1859
900745,2020-08-28,1.18589,1.19199,1.1851,1.1905
900745,2020-08-30,1.19023,1.19291,1.18959,1.1909
900745,2020-08-31,1.19114,1.19972,1.18838,1.19896
900745,2020-09-01,1.19895,1.20111,1.1891,1.19027
900745,2020-09-02,1.19028,1.19135,1.1819,1.1821
900745,2020-09-03,1.18206,1.18647,1.17885,1.18478
900745,2020-09-04,1.1846,1.18655,1.1779,1.18392
900745,2020-09-06,1.18448,1.18469,1.1828,1.18365
900745,2020-09-07,1.18366,1.18487,1.1794,1.18074
900745,2020-09-08,1.1808,1.18276,1.1756,1.178
900745,2020-09-09,1.17802,1.18339,1.1752,1.18218
900745,2020-09-10,1.18221,1.19173,1.1808,1.18337
900745,2020-09-11,1.18339,1.18743,1.1825,1.1846
900745,2020-09-13,1.18355,1.18512,1.183,1.1846
900745,2020-09-14,1.1847,1.1891,1.1841,1.18886
900745,2020-09-15,1.18879,1.19006,1.1827,1.18467
900745,2020-09-16,1.18463,1.18824,1.17372,1.1753
900745,2020-09-17,1.17533,1.18619,1.1748,1.18496
900745,2020-09-18,1.18505,1.18705,1.18259,1.18415
900745,2020-09-20,1.18418,1.18674,1.18392,1.1867
900745,2020-09-21,1.18672,1.1872,1.173,1.1768
900745,2020-09-22,1.17676,1.1769,1.1674,1.16817
900745,2020-09-23,1.16815,1.17189,1.165,1.16557
900745,2020-09-24,1.1656,1.1687,1.1625,1.16651
900745,2020-09-25,1.1665,1.16851,1.1611,1.16288
900745,2020-09-27,1.16248,1.1638,1.1614,1.16347
900745,2020-09-28,1.16357,1.16839,1.1622,1.16744
900745,2020-09-29,1.16746,1.1755,1.1664,1.17294
900745,2020-09-30,1.17293,1.1752,1.1684,1.1744
900745,2020-10-01,1.17436,1.17697,1.1712,1.17162
900745,2020-10-02,1.17161,1.17416,1.1695,1.17165
900745,2020-10-04,1.17116,1.1736,1.17038,1.17283
900745,2020-10-05,1.17284,1.17985,1.17191,1.17924
900745,2020-10-06,1.17923,1.18078,1.1724,1.17283
900745,2020-10-07,1.17284,1.17818,1.1726,1.17699
900745,2020-10-08,1.17701,1.17818,1.1732,1.1777
900745,2020-10-09,1.17772,1.18306,1.1766,1.18291
900745,2020-10-11,1.1811,1.1822,1.1807,1.1817
900745,2020-10-12,1.1816,1.1827,1.1785,1.1795
900745,2020-10-13,1.1795,1.1803,1.1729,1.1744
900745,2020-10-14,1.1743,1.1771,1.1719,1.1748
900745,2020-10-15,1.1749,1.1758,1.1687,1.1703
900745,2020-10-16,1.1703,1.1746,1.1692,1.1716
900745,2020-10-18,1.1719,1.1725,1.1704,1.1707
900745,2020-10-19,1.1706,1.1794,1.1702,1.1776
900745,2020-10-20,1.1775,1.1848,1.1759,1.1847
900745,2020-10-21,1.1846,1.1881,1.1837,1.1842
900745,2020-10-22,1.1842,1.1867,1.1785,1.1801
900745,2020-10-23,1.18,1.1865,1.179,1.186
900745,2020-10-25,1.1852,1.1859,1.1831,1.1833
900745,2020-10-26,1.1834,1.1848,1.1801,1.182
900745,2020-10-27,1.1821,1.1839,1.1768,1.1777
900745,2020-10-28,1.1777,1.1785,1.1716,1.1752
900745,2020-10-29,1.1751,1.1758,1.1649,1.1691
900745,2020-10-30,1.169,1.1704,1.1639,1.1645
900745,2020-11-01,1.1648,1.1649,1.1628,1.1631
900745,2020-11-02,1.1631,1.1656,1.1621,1.1649
900745,2020-11-03,1.165,1.1771,1.1603,1.1654
900745,2020-11-04,1.1654,1.1746,1.1628,1.1738
900745,2020-11-05,1.1737,1.186,1.1726,1.1819
900745,2020-11-06,1.1818,1.1891,1.1812,1.1875
900745,2020-11-08,1.1887,1.1895,1.1878,1.1887
900745,2020-11-09,1.1887,1.192,1.1795,1.1835
900745,2020-11-10,1.1835,1.1843,1.1778,1.1823
900745,2020-11-11,1.1822,1.1828,1.1745,1.177
900745,2020-11-12,1.1769,1.1823,1.1757,1.1804
900745,2020-11-13,1.1804,1.1837,1.1799,1.1833
900745,2020-11-15,1.184,1.1855,1.1832,1.1852
900745,2020-11-16,1.1849,1.1869,1.1813,1.1857
900745,2020-11-17,1.1859,1.1894,1.1842,1.1868
900745,2020-11-18,1.1868,1.1891,1.183,1.1847
900745,2020-11-19,1.1847,1.1886,1.1816,1.1883
900745,2020-11-20,1.1885,1.1891,1.1848,1.1859
900745,2020-11-22,1.1854,1.1878,1.1851,1.1871
900745,2020-11-23,1.1873,1.1906,1.18,1.1854
900745,2020-11-24,1.1851,1.191,1.1841,1.1904
900745,2020-11-25,1.1904,1.193,1.188,1.1923
900745,2020-11-26,1.1924,1.1941,1.1884,1.1924
900745,2020-11-27,1.1924,1.1963,1.1913,1.196
900745,2020-11-29,1.196,1.1974,1.196,1.1968
900745,2020-11-30,1.1968,1.2003,1.1922,1.1957
900745,2020-12-01,1.1958,1.2084,1.1953,1.2075
900745,2020-12-02,1.2075,1.2125,1.2039,1.2117
900745,2020-12-03,1.2118,1.2175,1.21,1.2142
900745,2020-12-04,1.214,1.2177,1.2109,1.212
900745,2020-12-06,1.2131,1.214,1.2117,1.2133
900745,2020-12-07,1.2132,1.2166,1.2078,1.2113
900745,2020-12-08,1.2114,1.2134,1.2095,1.2129
900745,2020-12-09,1.2128,1.2148,1.2058,1.2099
900745,2020-12-10,1.2099,1.216,1.208,1.2155
900745,2020-12-11,1.2155,1.2163,1.2104,1.2113
900745,2020-12-13,1.21352,1.21423,1.2115,1.21331
900745,2020-12-14,1.21332,1.21767,1.2122,1.2145
900745,2020-12-15,1.21464,1.2169,1.2121,1.21646
900745,2020-12-16,1.21645,1.22354,1.21248,1.22242
900745,2020-12-17,1.22252,1.22727,1.2223,1.22406
900745,2020-12-18,1.22406,1.22688,1.2224,1.22538
900745,2020-12-20,1.22293,1.22349,1.2178,1.21907
900745,2020-12-21,1.21907,1.22529,1.2129,1.22222
900745,2020-12-22,1.2223,1.2257,1.2151,1.2187
900745,2020-12-23,1.2188,1.22211,1.21592,1.22043
900745,2020-12-24,1.2205,1.221,1.21482,1.21987
900745,2020-12-25,1.21963,1.2297,1.21361,1.2155
900745,2020-12-27,1.21793,1.22161,1.21755,1.221
900745,2020-12-28,1.22101,1.22509,1.219,1.2238
900745,2020-12-29,1.22397,1.22948,1.2233,1.2284
900745,2020-12-30,1.22849,1.23102,1.2251,1.22866
900745,2020-12-31,1.22865,1.23044,1.18224,1.19812
900745,2021-01-01,1.19802,1.2225,1.18485,1.21278
900745,2021-01-03,1.22388,1.22586,1.22295,1.22487
900745,2021-01-04,1.22491,1.231,1.224,1.2269
900745,2021-01-05,1.22688,1.23265,1.2255,1.22919
900745,2021-01-06,1.22918,1.23494,1.22655,1.23247
900745,2021-01-07,1.23245,1.23258,1.2234,1.2263
900745,2021-01-08,1.22631,1.22845,1.2191,1.22211
900745,2021-01-10,1.22132,1.22196,1.2165,1.21739
900745,2021-01-11,1.21737,1.21998,1.21314,1.21427
900745,2021-01-12,1.21427,1.22204,1.21362,1.22079
900745,2021-01-13,1.22086,1.22229,1.21353,1.21498
900745,2021-01-14,1.21497,1.21789,1.211,1.2147
900745,2021-01-15,1.21468,1.21468,1.2073,1.20749
900745,2021-01-17,1.2083,1.20863,1.20612,1.2069
900745,2021-01-18,1.20698,1.20986,1.2053,1.20955
900745,2021-01-19,1.20956,1.21496,1.2085,1.2141
900745,2021-01-20,1.21406,1.21584,1.2076,1.21294
900745,2021-01-21,1.21291,1.21777,1.2114,1.21734
900745,2021-01-22,1.21734,1.21896,1.215,1.21703
900745,2021-01-24,1.21676,1.2181,1.2159,1.21758
900745,2021-01-25,1.21758,1.2183,1.2115,1.21303
900745,2021-01-26,1.21304,1.2176,1.2107,1.21574
900745,2021-01-27,1.21573,1.2166,1.2058,1.20934
900745,2021-01-29,1.20995,1.21561,1.2093,1.21366
900745,2021-01-31,1.2128,1.21367,1.2117,1.2127
900745,2021-02-01,1.21268,1.21327,1.2054,1.20757
900745,2021-02-02,1.20756,1.20873,1.201,1.20424
900745,2021-02-03,1.20433,1.2046,1.2002,1.20196
900745,2021-02-04,1.20194,1.202,1.1951,1.19561
900745,2021-02-05,1.19561,1.205,1.1953,1.20489
900745,2021-02-07,1.20364,1.20553,1.2028,1.20347
900745,2021-02-08,1.20347,1.20822,1.2018,1.2074
900745,2021-02-09,1.20755,1.213,1.2065,1.2127
900745,2021-02-10,1.21288,1.21441,1.2111,1.21216
900745,2021-02-11,1.212,1.21493,1.2116,1.21223
900745,2021-02-12,1.21225,1.21317,1.2081,1.21184
900745,2021-02-14,1.2123,1.21379,1.2115,1.2132
900745,2021-02-15,1.21311,1.21503,1.212,1.2138
900745,2021-02-16,1.21396,1.21696,1.2082,1.20918
900745,2021-02-17,1.20917,1.20952,1.2022,1.2037
900745,2021-02-18,1.20371,1.20986,1.2035,1.2093
900745,2021-02-19,1.20931,1.21445,1.2089,1.21176
900745,2021-02-21,1.21134,1.21356,1.2111,1.21206
900745,2021-02-22,1.21207,1.21773,1.209,1.21719
900745,2021-02-23,1.21718,1.21802,1.2133,1.21484
900745,2021-02-24,1.21483,1.21773,1.2109,1.21763
